downloaded,item_id,item_definition,category,16,17,18,19,20,21,22,23,24,25,26,27,28,29,30
9/17/25,1,baa baa,sounds,0.46,0.52,0.55,0.66,0.69,0.7,0.66,0.78,0.78,0.78,0.79,0.82,0.89,0.8,0.79
9/17/25,2,choo choo,sounds,0.27,0.32,0.39,0.51,0.56,0.6,0.67,0.71,0.76,0.84,0.81,0.85,0.92,0.85,0.88
9/17/25,3,cockadoodledoo,sounds,0.13,0.1,0.14,0.22,0.22,0.29,0.31,0.37,0.43,0.45,0.49,0.53,0.7,0.54,0.58
9/17/25,4,grrr,sounds,0.54,0.5,0.54,0.63,0.61,0.65,0.63,0.73,0.76,0.76,0.75,0.8,0.9,0.79,0.8
9/17/25,5,meow,sounds,0.49,0.47,0.55,0.67,0.69,0.75,0.76,0.8,0.86,0.88,0.88,0.91,0.96,0.91,0.92
9/17/25,6,moo,sounds,0.54,0.52,0.62,0.73,0.73,0.77,0.8,0.84,0.87,0.88,0.88,0.91,0.95,0.92,0.91
9/17/25,7,ouch,sounds,0.4,0.41,0.49,0.6,0.59,0.66,0.7,0.75,0.78,0.84,0.81,0.83,0.93,0.86,0.86
9/17/25,8,quack quack,sounds,0.45,0.39,0.48,0.58,0.58,0.67,0.68,0.77,0.78,0.82,0.83,0.84,0.93,0.86,0.88
9/17/25,9,uh oh,sounds,0.76,0.69,0.78,0.87,0.84,0.88,0.85,0.87,0.89,0.9,0.89,0.92,0.97,0.91,0.87
9/17/25,10,vroom,sounds,0.48,0.4,0.5,0.56,0.53,0.61,0.57,0.68,0.69,0.73,0.69,0.7,0.85,0.72,0.72
9/17/25,11,woof woof,sounds,0.58,0.57,0.63,0.74,0.72,0.77,0.75,0.8,0.84,0.86,0.84,0.9,0.94,0.89,0.89
9/17/25,12,yum yum,sounds,0.55,0.45,0.55,0.58,0.55,0.61,0.59,0.68,0.73,0.73,0.73,0.74,0.86,0.79,0.78
9/17/25,13,alligator,animals,0.02,0.04,0.06,0.12,0.11,0.18,0.24,0.3,0.39,0.46,0.48,0.5,0.74,0.65,0.66
9/17/25,14,animal,animals,0.05,0.07,0.1,0.19,0.19,0.27,0.31,0.44,0.49,0.54,0.56,0.61,0.78,0.71,0.71
9/17/25,15,ant,animals,0.04,0.06,0.1,0.17,0.18,0.2,0.25,0.36,0.42,0.48,0.5,0.54,0.74,0.63,0.64
9/17/25,16,bear,animals,0.31,0.28,0.36,0.49,0.48,0.55,0.57,0.66,0.73,0.76,0.78,0.83,0.91,0.86,0.83
9/17/25,17,bee,animals,0.16,0.22,0.26,0.39,0.38,0.47,0.47,0.63,0.66,0.71,0.69,0.73,0.89,0.82,0.81
9/17/25,18,bird,animals,0.45,0.41,0.47,0.62,0.58,0.68,0.69,0.76,0.79,0.86,0.87,0.88,0.95,0.9,0.87
9/17/25,19,bug,animals,0.13,0.15,0.2,0.36,0.31,0.37,0.45,0.57,0.61,0.67,0.7,0.71,0.88,0.76,0.73
9/17/25,20,bunny,animals,0.19,0.21,0.3,0.41,0.4,0.51,0.5,0.63,0.69,0.72,0.75,0.77,0.89,0.87,0.8
9/17/25,21,butterfly,animals,0.07,0.1,0.14,0.22,0.23,0.32,0.41,0.52,0.58,0.65,0.67,0.69,0.86,0.82,0.81
9/17/25,22,cat,animals,0.41,0.42,0.46,0.6,0.61,0.64,0.72,0.79,0.82,0.85,0.88,0.91,0.94,0.93,0.9
9/17/25,23,chicken (animal),animals,0.09,0.12,0.14,0.29,0.28,0.33,0.44,0.54,0.61,0.63,0.69,0.73,0.86,0.77,0.8
9/17/25,24,cow,animals,0.21,0.25,0.34,0.48,0.47,0.51,0.58,0.68,0.74,0.78,0.8,0.84,0.93,0.87,0.85
9/17/25,25,deer,animals,0.05,0.08,0.09,0.15,0.11,0.21,0.21,0.32,0.32,0.34,0.41,0.43,0.65,0.52,0.49
9/17/25,26,dog,animals,0.67,0.64,0.72,0.77,0.76,0.79,0.79,0.86,0.88,0.9,0.92,0.94,0.98,0.95,0.92
9/17/25,27,donkey,animals,0.03,0.06,0.05,0.1,0.1,0.15,0.18,0.26,0.26,0.29,0.3,0.34,0.53,0.4,0.43
9/17/25,28,duck,animals,0.46,0.43,0.47,0.61,0.56,0.63,0.68,0.76,0.79,0.83,0.84,0.88,0.95,0.88,0.86
9/17/25,29,elephant,animals,0.08,0.11,0.16,0.27,0.28,0.33,0.46,0.56,0.63,0.65,0.71,0.76,0.88,0.81,0.82
9/17/25,30,fish (animal),animals,0.28,0.32,0.38,0.52,0.5,0.57,0.67,0.71,0.77,0.85,0.84,0.86,0.95,0.91,0.9
9/17/25,31,frog,animals,0.1,0.14,0.17,0.33,0.3,0.37,0.48,0.57,0.63,0.71,0.7,0.76,0.88,0.81,0.81
9/17/25,32,giraffe,animals,0.07,0.1,0.13,0.21,0.2,0.29,0.31,0.46,0.52,0.55,0.56,0.63,0.79,0.71,0.73
9/17/25,33,goose,animals,0.03,0.06,0.06,0.12,0.11,0.17,0.16,0.26,0.29,0.32,0.38,0.39,0.6,0.42,0.44
9/17/25,34,hen,animals,0.01,0.03,0.02,0.05,0.04,0.1,0.09,0.14,0.16,0.19,0.2,0.23,0.44,0.28,0.29
9/17/25,35,horse,animals,0.17,0.19,0.26,0.4,0.36,0.46,0.56,0.67,0.7,0.76,0.76,0.84,0.93,0.86,0.85
9/17/25,36,kitty,animals,0.43,0.36,0.42,0.55,0.46,0.53,0.56,0.65,0.7,0.74,0.75,0.79,0.9,0.82,0.78
9/17/25,37,lamb,animals,0.03,0.05,0.06,0.12,0.09,0.13,0.18,0.29,0.31,0.37,0.38,0.42,0.61,0.45,0.45
9/17/25,38,lion,animals,0.08,0.11,0.16,0.25,0.25,0.34,0.41,0.53,0.58,0.65,0.69,0.69,0.86,0.8,0.8
9/17/25,39,monkey,animals,0.11,0.18,0.23,0.36,0.36,0.43,0.54,0.64,0.69,0.78,0.78,0.81,0.92,0.86,0.89
9/17/25,40,moose,animals,0.02,0.07,0.05,0.09,0.08,0.11,0.13,0.23,0.24,0.26,0.27,0.29,0.49,0.38,0.41
9/17/25,41,mouse,animals,0.07,0.1,0.14,0.25,0.23,0.34,0.38,0.5,0.55,0.59,0.63,0.65,0.85,0.77,0.74
9/17/25,42,owl,animals,0.12,0.14,0.19,0.3,0.27,0.34,0.4,0.53,0.51,0.57,0.62,0.65,0.79,0.7,0.68
9/17/25,43,penguin,animals,0.02,0.05,0.07,0.13,0.13,0.19,0.26,0.37,0.39,0.42,0.45,0.44,0.64,0.69,0.65
9/17/25,44,pig,animals,0.15,0.17,0.24,0.41,0.39,0.43,0.57,0.64,0.69,0.76,0.77,0.78,0.91,0.86,0.84
9/17/25,45,pony,animals,0.03,0.04,0.05,0.09,0.09,0.13,0.19,0.22,0.25,0.31,0.31,0.36,0.54,0.45,0.46
9/17/25,46,puppy,animals,0.22,0.22,0.32,0.43,0.39,0.45,0.53,0.61,0.65,0.72,0.71,0.74,0.88,0.79,0.78
9/17/25,47,rooster,animals,0.02,0.03,0.03,0.06,0.08,0.11,0.13,0.23,0.25,0.31,0.33,0.4,0.57,0.42,0.44
9/17/25,48,sheep,animals,0.08,0.11,0.15,0.28,0.26,0.3,0.38,0.51,0.55,0.6,0.64,0.66,0.82,0.7,0.7
9/17/25,49,squirrel,animals,0.04,0.07,0.12,0.18,0.18,0.22,0.27,0.4,0.45,0.49,0.53,0.56,0.72,0.67,0.64
9/17/25,50,teddybear,animals,0.14,0.12,0.17,0.25,0.24,0.27,0.34,0.47,0.5,0.55,0.62,0.64,0.82,0.71,0.72
9/17/25,51,tiger,animals,0.07,0.09,0.14,0.22,0.21,0.25,0.36,0.45,0.52,0.59,0.6,0.67,0.81,0.74,0.77
9/17/25,52,turkey,animals,0.04,0.05,0.05,0.13,0.13,0.15,0.2,0.26,0.3,0.38,0.4,0.4,0.62,0.48,0.5
9/17/25,53,turtle,animals,0.1,0.13,0.17,0.31,0.29,0.34,0.43,0.57,0.59,0.67,0.66,0.68,0.84,0.8,0.79
9/17/25,54,wolf,animals,0.02,0.04,0.04,0.08,0.08,0.1,0.11,0.2,0.23,0.29,0.31,0.34,0.54,0.44,0.45
9/17/25,55,zebra,animals,0.04,0.08,0.1,0.17,0.17,0.21,0.27,0.38,0.44,0.5,0.52,0.55,0.73,0.64,0.68
9/17/25,56,airplane,vehicles,0.2,0.2,0.28,0.41,0.4,0.5,0.6,0.67,0.72,0.79,0.81,0.84,0.93,0.88,0.85
9/17/25,57,bicycle,vehicles,0.11,0.15,0.2,0.3,0.31,0.39,0.47,0.56,0.63,0.68,0.72,0.74,0.89,0.82,0.82
9/17/25,58,boat,vehicles,0.16,0.21,0.27,0.42,0.39,0.47,0.54,0.66,0.68,0.74,0.78,0.77,0.93,0.84,0.84
9/17/25,59,bus,vehicles,0.15,0.21,0.26,0.39,0.41,0.49,0.58,0.69,0.74,0.76,0.79,0.82,0.91,0.88,0.85
9/17/25,60,car,vehicles,0.38,0.43,0.54,0.67,0.68,0.72,0.78,0.82,0.88,0.89,0.91,0.92,0.97,0.94,0.93
9/17/25,61,firetruck,vehicles,0.04,0.06,0.1,0.14,0.17,0.25,0.32,0.46,0.5,0.58,0.64,0.64,0.82,0.74,0.75
9/17/25,62,helicopter,vehicles,0.04,0.05,0.06,0.14,0.11,0.2,0.26,0.39,0.44,0.51,0.57,0.58,0.77,0.65,0.68
9/17/25,63,motorcycle,vehicles,0.02,0.06,0.07,0.12,0.1,0.18,0.26,0.36,0.41,0.46,0.53,0.53,0.74,0.66,0.67
9/17/25,64,sled,vehicles,0.01,0.04,0.05,0.06,0.08,0.12,0.11,0.18,0.18,0.2,0.23,0.3,0.35,0.33,0.31
9/17/25,65,stroller,vehicles,0.06,0.07,0.12,0.18,0.18,0.22,0.26,0.41,0.46,0.52,0.54,0.59,0.79,0.62,0.68
9/17/25,66,tractor,vehicles,0.06,0.09,0.12,0.18,0.2,0.24,0.28,0.37,0.45,0.45,0.51,0.51,0.7,0.61,0.59
9/17/25,67,train,vehicles,0.12,0.17,0.23,0.35,0.41,0.45,0.57,0.67,0.75,0.78,0.81,0.8,0.93,0.87,0.88
9/17/25,68,tricycle,vehicles,0.01,0.02,0.03,0.04,0.07,0.07,0.11,0.16,0.18,0.24,0.25,0.27,0.45,0.31,0.35
9/17/25,69,truck,vehicles,0.28,0.29,0.38,0.5,0.5,0.57,0.61,0.74,0.78,0.82,0.84,0.86,0.95,0.89,0.86
9/17/25,70,ball,toys,0.75,0.76,0.82,0.88,0.88,0.91,0.93,0.92,0.95,0.95,0.94,0.96,0.98,0.96,0.95
9/17/25,71,balloon,toys,0.44,0.38,0.44,0.57,0.55,0.62,0.66,0.75,0.81,0.84,0.86,0.88,0.95,0.91,0.89
9/17/25,72,bat,toys,0.06,0.05,0.1,0.13,0.14,0.17,0.2,0.26,0.34,0.39,0.42,0.42,0.7,0.54,0.53
9/17/25,73,block,toys,0.17,0.2,0.26,0.34,0.35,0.45,0.48,0.59,0.59,0.66,0.69,0.73,0.87,0.76,0.75
9/17/25,74,book,toys,0.51,0.54,0.61,0.71,0.72,0.77,0.78,0.83,0.87,0.88,0.89,0.91,0.97,0.93,0.91
9/17/25,75,bubbles,toys,0.34,0.38,0.45,0.58,0.56,0.63,0.7,0.77,0.82,0.86,0.84,0.88,0.95,0.89,0.9
9/17/25,76,chalk,toys,0.02,0.03,0.05,0.09,0.1,0.15,0.19,0.28,0.32,0.35,0.4,0.45,0.61,0.52,0.55
9/17/25,77,crayon,toys,0.04,0.09,0.12,0.25,0.22,0.33,0.42,0.47,0.54,0.65,0.66,0.68,0.84,0.78,0.76
9/17/25,78,doll,toys,0.17,0.22,0.27,0.33,0.32,0.39,0.44,0.5,0.5,0.61,0.62,0.65,0.83,0.7,0.69
9/17/25,79,game,toys,0.01,0.02,0.06,0.09,0.09,0.15,0.22,0.27,0.32,0.39,0.44,0.47,0.71,0.61,0.66
9/17/25,80,glue,toys,0,0.02,0.02,0.04,0.04,0.05,0.09,0.1,0.14,0.2,0.22,0.29,0.48,0.37,0.44
9/17/25,81,pen,toys,0.06,0.09,0.1,0.21,0.21,0.28,0.34,0.4,0.43,0.53,0.55,0.56,0.79,0.64,0.66
9/17/25,82,pencil,toys,0.02,0.04,0.07,0.14,0.13,0.2,0.22,0.3,0.34,0.43,0.48,0.49,0.74,0.59,0.62
9/17/25,83,play dough,toys,0.01,0.03,0.05,0.08,0.1,0.16,0.22,0.29,0.36,0.4,0.44,0.52,0.64,0.61,0.62
9/17/25,84,present,toys,0.01,0.03,0.05,0.07,0.08,0.16,0.19,0.34,0.42,0.47,0.51,0.54,0.77,0.64,0.63
9/17/25,85,puzzle,toys,0.03,0.04,0.08,0.18,0.18,0.24,0.3,0.41,0.48,0.56,0.6,0.63,0.82,0.69,0.72
9/17/25,86,story,toys,0.03,0.05,0.09,0.16,0.15,0.21,0.28,0.38,0.47,0.51,0.55,0.58,0.78,0.69,0.74
9/17/25,87,toy (object),toys,0.11,0.16,0.23,0.35,0.34,0.44,0.48,0.59,0.65,0.73,0.77,0.79,0.91,0.87,0.87
9/17/25,88,apple,food_drink,0.31,0.38,0.49,0.61,0.59,0.66,0.75,0.82,0.84,0.88,0.88,0.91,0.96,0.93,0.92
9/17/25,89,applesauce,food_drink,0.04,0.08,0.1,0.16,0.17,0.23,0.29,0.36,0.43,0.47,0.5,0.52,0.71,0.6,0.57
9/17/25,90,banana,food_drink,0.51,0.51,0.62,0.68,0.73,0.74,0.79,0.85,0.88,0.9,0.91,0.91,0.96,0.94,0.95
9/17/25,91,beans,food_drink,0.06,0.09,0.12,0.22,0.2,0.28,0.31,0.39,0.44,0.46,0.51,0.54,0.74,0.55,0.6
9/17/25,92,bread,food_drink,0.14,0.15,0.2,0.32,0.32,0.38,0.46,0.58,0.63,0.68,0.74,0.74,0.9,0.83,0.79
9/17/25,93,butter,food_drink,0.03,0.05,0.09,0.13,0.15,0.2,0.25,0.38,0.42,0.47,0.53,0.59,0.77,0.64,0.64
9/17/25,94,cake,food_drink,0.08,0.09,0.16,0.27,0.29,0.33,0.48,0.57,0.7,0.74,0.75,0.77,0.89,0.87,0.86
9/17/25,95,candy,food_drink,0.06,0.1,0.14,0.26,0.25,0.31,0.37,0.45,0.52,0.65,0.68,0.7,0.88,0.79,0.78
9/17/25,96,carrots,food_drink,0.05,0.09,0.12,0.21,0.23,0.3,0.33,0.47,0.52,0.59,0.61,0.65,0.82,0.75,0.76
9/17/25,97,cereal,food_drink,0.1,0.12,0.19,0.33,0.3,0.38,0.42,0.5,0.6,0.64,0.69,0.71,0.88,0.79,0.79
9/17/25,98,cheerios,food_drink,0.15,0.15,0.22,0.28,0.25,0.32,0.41,0.47,0.49,0.58,0.56,0.57,0.75,0.68,0.73
9/17/25,99,cheese,food_drink,0.35,0.36,0.47,0.59,0.57,0.66,0.65,0.76,0.83,0.81,0.85,0.86,0.95,0.87,0.87
9/17/25,100,chicken (food),food_drink,0.08,0.1,0.15,0.28,0.27,0.37,0.46,0.51,0.58,0.66,0.68,0.7,0.88,0.83,0.79
9/17/25,101,chocolate,food_drink,0.02,0.06,0.08,0.12,0.17,0.22,0.26,0.41,0.48,0.52,0.57,0.63,0.78,0.73,0.76
9/17/25,102,coffee,food_drink,0.04,0.06,0.1,0.18,0.18,0.25,0.29,0.43,0.48,0.49,0.56,0.57,0.75,0.67,0.67
9/17/25,103,coke,food_drink,0.04,0.04,0.05,0.1,0.1,0.1,0.15,0.14,0.19,0.3,0.23,0.24,0.48,0.25,0.32
9/17/25,104,cookie,food_drink,0.36,0.31,0.41,0.55,0.59,0.6,0.7,0.74,0.81,0.86,0.86,0.89,0.96,0.91,0.93
9/17/25,105,corn,food_drink,0.04,0.08,0.11,0.21,0.2,0.24,0.31,0.44,0.46,0.54,0.59,0.63,0.81,0.69,0.71
9/17/25,106,cracker,food_drink,0.32,0.28,0.36,0.48,0.46,0.5,0.54,0.67,0.71,0.73,0.75,0.77,0.91,0.81,0.78
9/17/25,107,donut,food_drink,0.02,0.05,0.07,0.11,0.1,0.16,0.21,0.27,0.31,0.4,0.48,0.5,0.66,0.57,0.59
9/17/25,108,drink (beverage),food_drink,0.17,0.18,0.25,0.35,0.31,0.42,0.45,0.6,0.6,0.65,0.7,0.71,0.88,0.77,0.75
9/17/25,109,egg,food_drink,0.1,0.17,0.19,0.33,0.31,0.43,0.47,0.61,0.64,0.68,0.73,0.75,0.88,0.83,0.79
9/17/25,110,fish (food),food_drink,0.13,0.14,0.2,0.32,0.31,0.35,0.42,0.48,0.53,0.62,0.6,0.59,0.82,0.72,0.75
9/17/25,111,food,food_drink,0.06,0.12,0.18,0.24,0.26,0.32,0.37,0.5,0.54,0.59,0.63,0.65,0.82,0.76,0.76
9/17/25,112,french fries,food_drink,0.07,0.08,0.15,0.25,0.25,0.3,0.39,0.47,0.52,0.63,0.66,0.68,0.86,0.74,0.75
9/17/25,113,grapes,food_drink,0.08,0.14,0.2,0.3,0.29,0.39,0.41,0.59,0.61,0.68,0.7,0.73,0.88,0.78,0.79
9/17/25,114,green beans,food_drink,0.03,0.05,0.07,0.12,0.1,0.15,0.18,0.29,0.29,0.35,0.37,0.43,0.56,0.44,0.49
9/17/25,115,gum,food_drink,0.01,0.02,0.05,0.09,0.09,0.09,0.16,0.19,0.21,0.29,0.34,0.37,0.55,0.43,0.43
9/17/25,116,hamburger,food_drink,0.02,0.05,0.07,0.11,0.14,0.17,0.24,0.31,0.39,0.46,0.53,0.59,0.75,0.65,0.69
9/17/25,117,ice,food_drink,0.09,0.12,0.15,0.26,0.25,0.34,0.37,0.47,0.53,0.6,0.65,0.63,0.82,0.72,0.72
9/17/25,118,ice cream,food_drink,0.09,0.1,0.19,0.27,0.26,0.36,0.43,0.57,0.64,0.7,0.76,0.8,0.9,0.86,0.84
9/17/25,119,jello,food_drink,0.01,0.03,0.05,0.08,0.07,0.1,0.11,0.14,0.17,0.28,0.28,0.3,0.54,0.33,0.36
9/17/25,120,jelly,food_drink,0.02,0.02,0.04,0.09,0.09,0.1,0.15,0.22,0.25,0.34,0.39,0.39,0.67,0.47,0.49
9/17/25,121,juice,food_drink,0.41,0.27,0.38,0.56,0.53,0.63,0.69,0.67,0.77,0.83,0.81,0.84,0.94,0.86,0.87
9/17/25,122,lollipop,food_drink,0.01,0.04,0.06,0.09,0.11,0.13,0.2,0.23,0.27,0.37,0.38,0.45,0.59,0.49,0.58
9/17/25,123,meat,food_drink,0.04,0.06,0.08,0.14,0.12,0.22,0.2,0.28,0.37,0.39,0.44,0.48,0.65,0.56,0.55
9/17/25,124,melon,food_drink,0.02,0.05,0.06,0.09,0.1,0.17,0.18,0.26,0.29,0.32,0.36,0.4,0.54,0.42,0.5
9/17/25,125,milk,food_drink,0.35,0.37,0.48,0.63,0.59,0.68,0.66,0.76,0.81,0.84,0.85,0.89,0.95,0.92,0.89
9/17/25,126,muffin,food_drink,0.02,0.05,0.07,0.12,0.13,0.2,0.23,0.38,0.39,0.42,0.43,0.51,0.67,0.62,0.62
9/17/25,127,noodles,food_drink,0.08,0.11,0.15,0.22,0.21,0.33,0.31,0.44,0.51,0.51,0.57,0.59,0.77,0.67,0.65
9/17/25,128,nuts,food_drink,0.01,0.04,0.04,0.09,0.08,0.13,0.15,0.23,0.31,0.32,0.37,0.4,0.58,0.53,0.53
9/17/25,129,orange (food),food_drink,0.07,0.1,0.15,0.29,0.24,0.35,0.37,0.55,0.61,0.63,0.64,0.73,0.87,0.82,0.81
9/17/25,130,pancake,food_drink,0.04,0.07,0.1,0.19,0.19,0.24,0.31,0.49,0.5,0.54,0.61,0.63,0.78,0.7,0.75
9/17/25,131,peas,food_drink,0.11,0.1,0.13,0.25,0.22,0.25,0.27,0.42,0.47,0.48,0.55,0.56,0.7,0.62,0.62
9/17/25,132,peanut butter,food_drink,0.03,0.07,0.09,0.17,0.16,0.23,0.28,0.43,0.46,0.47,0.57,0.59,0.79,0.66,0.66
9/17/25,133,pickle,food_drink,0.02,0.03,0.08,0.14,0.12,0.16,0.18,0.31,0.33,0.39,0.4,0.44,0.65,0.55,0.54
9/17/25,134,pizza,food_drink,0.09,0.13,0.21,0.33,0.35,0.43,0.54,0.65,0.69,0.77,0.78,0.82,0.92,0.87,0.89
9/17/25,135,popcorn,food_drink,0.03,0.07,0.11,0.17,0.18,0.24,0.29,0.39,0.45,0.54,0.55,0.61,0.79,0.71,0.7
9/17/25,136,popsicle,food_drink,0.03,0.04,0.09,0.12,0.13,0.19,0.25,0.29,0.35,0.41,0.46,0.52,0.69,0.61,0.61
9/17/25,137,potato chip,food_drink,0.03,0.07,0.11,0.19,0.19,0.23,0.27,0.36,0.41,0.49,0.62,0.58,0.79,0.67,0.65
9/17/25,138,potato,food_drink,0.03,0.06,0.07,0.14,0.17,0.2,0.26,0.39,0.4,0.45,0.48,0.53,0.73,0.66,0.63
9/17/25,139,pretzel,food_drink,0.03,0.06,0.07,0.14,0.12,0.17,0.2,0.27,0.32,0.42,0.37,0.43,0.71,0.49,0.54
9/17/25,140,pudding,food_drink,0.01,0.02,0.04,0.06,0.05,0.06,0.1,0.14,0.16,0.24,0.22,0.25,0.48,0.34,0.35
9/17/25,141,pumpkin,food_drink,0.03,0.06,0.07,0.15,0.15,0.19,0.23,0.34,0.38,0.44,0.43,0.52,0.7,0.6,0.63
9/17/25,142,raisin,food_drink,0.05,0.05,0.11,0.19,0.18,0.25,0.29,0.39,0.43,0.54,0.55,0.57,0.76,0.59,0.62
9/17/25,143,salt,food_drink,0,0.02,0.02,0.05,0.05,0.08,0.11,0.19,0.22,0.23,0.29,0.33,0.53,0.43,0.43
9/17/25,144,sandwich,food_drink,0.02,0.04,0.06,0.13,0.14,0.17,0.26,0.38,0.43,0.49,0.53,0.59,0.81,0.73,0.72
9/17/25,145,sauce,food_drink,0.02,0.02,0.04,0.08,0.09,0.15,0.15,0.28,0.31,0.31,0.31,0.39,0.55,0.51,0.51
9/17/25,146,soda/pop,food_drink,0.04,0.06,0.08,0.1,0.14,0.14,0.2,0.16,0.24,0.31,0.33,0.31,0.64,0.39,0.38
9/17/25,147,soup,food_drink,0.03,0.06,0.09,0.16,0.18,0.26,0.31,0.4,0.47,0.5,0.55,0.57,0.72,0.69,0.69
9/17/25,148,spaghetti,food_drink,0.05,0.07,0.1,0.17,0.17,0.23,0.26,0.39,0.46,0.53,0.55,0.59,0.78,0.66,0.71
9/17/25,149,strawberry,food_drink,0.05,0.09,0.14,0.22,0.21,0.32,0.36,0.5,0.55,0.57,0.64,0.66,0.79,0.76,0.77
9/17/25,150,toast,food_drink,0.1,0.12,0.17,0.23,0.23,0.31,0.31,0.47,0.52,0.51,0.58,0.62,0.79,0.65,0.64
9/17/25,151,tuna,food_drink,0.01,0.02,0.04,0.04,0.04,0.05,0.09,0.15,0.14,0.17,0.21,0.24,0.4,0.27,0.32
9/17/25,152,vanilla,food_drink,0,0.01,0.02,0.03,0.02,0.05,0.05,0.08,0.11,0.13,0.18,0.22,0.34,0.28,0.35
9/17/25,153,vitamins,food_drink,0.02,0.03,0.05,0.08,0.09,0.12,0.17,0.17,0.25,0.33,0.38,0.41,0.57,0.44,0.48
9/17/25,154,water (beverage),food_drink,0.29,0.32,0.43,0.54,0.52,0.61,0.61,0.76,0.79,0.8,0.83,0.89,0.94,0.88,0.87
9/17/25,155,yogurt,food_drink,0.07,0.14,0.21,0.31,0.33,0.37,0.43,0.56,0.61,0.62,0.65,0.68,0.76,0.76,0.81
9/17/25,156,beads,clothing,0.04,0.05,0.06,0.09,0.09,0.11,0.11,0.16,0.2,0.22,0.22,0.25,0.44,0.29,0.33
9/17/25,157,belt,clothing,0.04,0.05,0.07,0.13,0.13,0.17,0.21,0.24,0.27,0.35,0.35,0.4,0.64,0.49,0.48
9/17/25,158,bib,clothing,0.12,0.15,0.2,0.3,0.25,0.31,0.32,0.47,0.49,0.51,0.54,0.55,0.76,0.58,0.58
9/17/25,159,boots,clothing,0.09,0.17,0.23,0.33,0.38,0.45,0.45,0.64,0.66,0.64,0.69,0.71,0.82,0.83,0.76
9/17/25,160,button,clothing,0.16,0.13,0.18,0.28,0.28,0.35,0.38,0.53,0.53,0.59,0.64,0.63,0.84,0.73,0.72
9/17/25,161,coat,clothing,0.09,0.12,0.18,0.29,0.29,0.37,0.38,0.53,0.59,0.58,0.64,0.67,0.79,0.71,0.67
9/17/25,162,diaper,clothing,0.26,0.29,0.39,0.47,0.45,0.53,0.58,0.71,0.73,0.81,0.83,0.84,0.94,0.89,0.84
9/17/25,163,dress (object),clothing,0.04,0.05,0.08,0.14,0.15,0.2,0.25,0.36,0.41,0.43,0.53,0.56,0.69,0.62,0.64
9/17/25,164,gloves,clothing,0.01,0.04,0.05,0.09,0.11,0.11,0.18,0.3,0.34,0.34,0.45,0.43,0.6,0.59,0.56
9/17/25,165,hat,clothing,0.31,0.33,0.44,0.55,0.57,0.64,0.65,0.78,0.79,0.81,0.84,0.84,0.93,0.87,0.85
9/17/25,166,jacket,clothing,0.06,0.11,0.14,0.24,0.24,0.3,0.36,0.5,0.55,0.58,0.63,0.68,0.81,0.77,0.73
9/17/25,167,jeans,clothing,0.01,0.03,0.04,0.07,0.08,0.14,0.16,0.22,0.28,0.31,0.37,0.33,0.56,0.49,0.52
9/17/25,168,mittens,clothing,0.02,0.04,0.08,0.11,0.13,0.18,0.17,0.28,0.33,0.33,0.38,0.4,0.53,0.51,0.48
9/17/25,169,necklace,clothing,0.03,0.05,0.08,0.16,0.12,0.21,0.22,0.31,0.35,0.41,0.42,0.49,0.69,0.55,0.58
9/17/25,170,pajamas,clothing,0.05,0.1,0.14,0.22,0.23,0.32,0.37,0.54,0.58,0.63,0.7,0.72,0.84,0.81,0.82
9/17/25,171,pants,clothing,0.06,0.11,0.2,0.28,0.32,0.41,0.48,0.62,0.66,0.69,0.74,0.81,0.9,0.85,0.83
9/17/25,172,scarf,clothing,0,0.02,0.02,0.05,0.04,0.08,0.08,0.15,0.16,0.16,0.21,0.23,0.32,0.35,0.34
9/17/25,173,shirt,clothing,0.09,0.12,0.21,0.31,0.32,0.43,0.5,0.61,0.65,0.71,0.74,0.79,0.91,0.82,0.8
9/17/25,174,shoe,clothing,0.48,0.51,0.64,0.75,0.74,0.8,0.81,0.85,0.89,0.9,0.9,0.94,0.97,0.93,0.92
9/17/25,175,shorts,clothing,0.03,0.04,0.08,0.12,0.12,0.21,0.28,0.33,0.42,0.48,0.55,0.57,0.77,0.72,0.71
9/17/25,176,slipper,clothing,0.03,0.03,0.06,0.09,0.1,0.16,0.2,0.33,0.31,0.35,0.41,0.42,0.64,0.52,0.5
9/17/25,177,sneaker,clothing,0.01,0.02,0.03,0.06,0.08,0.1,0.14,0.17,0.18,0.26,0.29,0.3,0.45,0.34,0.36
9/17/25,178,snowsuit,clothing,0,0.02,0.02,0.02,0.03,0.05,0.05,0.12,0.11,0.11,0.17,0.17,0.25,0.25,0.23
9/17/25,179,sock,clothing,0.3,0.23,0.37,0.48,0.46,0.49,0.55,0.63,0.69,0.74,0.77,0.8,0.93,0.81,0.8
9/17/25,180,sweater,clothing,0.06,0.14,0.13,0.2,0.22,0.3,0.26,0.46,0.43,0.42,0.48,0.53,0.64,0.64,0.63
9/17/25,181,tights,clothing,0,0.02,0.02,0.03,0.05,0.04,0.08,0.12,0.13,0.15,0.18,0.23,0.3,0.25,0.27
9/17/25,182,underpants,clothing,0.01,0.02,0.03,0.05,0.08,0.09,0.13,0.2,0.23,0.28,0.39,0.42,0.58,0.54,0.51
9/17/25,183,zipper,clothing,0.03,0.05,0.08,0.19,0.19,0.23,0.29,0.4,0.46,0.49,0.54,0.58,0.73,0.65,0.65
9/17/25,184,ankle,body_parts,0,0.02,0.03,0.05,0.06,0.08,0.09,0.14,0.16,0.19,0.22,0.25,0.45,0.33,0.34
9/17/25,185,arm,body_parts,0.07,0.12,0.19,0.3,0.3,0.42,0.47,0.58,0.67,0.72,0.73,0.78,0.91,0.83,0.81
9/17/25,186,belly button,body_parts,0.21,0.29,0.3,0.41,0.41,0.52,0.55,0.64,0.69,0.73,0.74,0.78,0.88,0.8,0.8
9/17/25,187,buttocks/bottom*,body_parts,0.08,0.13,0.19,0.31,0.29,0.39,0.45,0.59,0.63,0.68,0.7,0.73,0.89,0.79,0.75
9/17/25,188,cheek,body_parts,0.06,0.08,0.15,0.23,0.23,0.34,0.38,0.52,0.54,0.6,0.62,0.67,0.81,0.73,0.71
9/17/25,189,chin,body_parts,0.04,0.06,0.11,0.22,0.21,0.28,0.33,0.47,0.51,0.53,0.6,0.65,0.8,0.72,0.67
9/17/25,190,ear,body_parts,0.29,0.36,0.46,0.59,0.57,0.65,0.72,0.77,0.82,0.84,0.86,0.89,0.96,0.9,0.88
9/17/25,191,eye,body_parts,0.42,0.41,0.54,0.66,0.65,0.71,0.78,0.83,0.87,0.9,0.88,0.93,0.97,0.93,0.91
9/17/25,192,face,body_parts,0.05,0.08,0.11,0.21,0.19,0.25,0.37,0.44,0.53,0.6,0.63,0.71,0.84,0.78,0.77
9/17/25,193,finger,body_parts,0.06,0.14,0.19,0.3,0.32,0.4,0.52,0.62,0.65,0.72,0.72,0.78,0.89,0.82,0.85
9/17/25,194,foot,body_parts,0.13,0.14,0.27,0.4,0.42,0.48,0.49,0.64,0.72,0.77,0.8,0.85,0.94,0.87,0.84
9/17/25,195,hair,body_parts,0.19,0.26,0.33,0.47,0.47,0.57,0.63,0.73,0.75,0.8,0.81,0.85,0.96,0.89,0.86
9/17/25,196,hand,body_parts,0.1,0.12,0.21,0.33,0.37,0.51,0.54,0.67,0.71,0.77,0.79,0.83,0.93,0.9,0.85
9/17/25,197,head,body_parts,0.11,0.18,0.23,0.35,0.37,0.44,0.53,0.64,0.7,0.74,0.76,0.8,0.92,0.86,0.83
9/17/25,198,knee,body_parts,0.1,0.12,0.18,0.26,0.27,0.36,0.42,0.56,0.59,0.66,0.7,0.72,0.84,0.76,0.75
9/17/25,199,leg,body_parts,0.04,0.08,0.11,0.23,0.23,0.3,0.4,0.53,0.58,0.66,0.68,0.75,0.87,0.81,0.78
9/17/25,200,lips,body_parts,0.02,0.06,0.07,0.13,0.13,0.2,0.26,0.36,0.39,0.46,0.51,0.54,0.73,0.67,0.65
9/17/25,201,mouth,body_parts,0.18,0.23,0.33,0.47,0.46,0.53,0.61,0.7,0.72,0.77,0.78,0.84,0.93,0.88,0.85
9/17/25,202,nose,body_parts,0.39,0.43,0.52,0.66,0.66,0.71,0.75,0.81,0.85,0.87,0.88,0.9,0.96,0.92,0.9
9/17/25,203,owie/boo boo,body_parts,0.27,0.3,0.37,0.45,0.51,0.58,0.62,0.71,0.72,0.79,0.79,0.8,0.92,0.82,0.79
9/17/25,204,penis*,body_parts,0.06,0.08,0.11,0.15,0.18,0.23,0.25,0.34,0.4,0.4,0.42,0.45,0.6,0.53,0.53
9/17/25,205,shoulder,body_parts,0.01,0.03,0.03,0.09,0.09,0.15,0.19,0.28,0.3,0.36,0.4,0.47,0.61,0.55,0.61
9/17/25,206,toe,body_parts,0.17,0.2,0.29,0.4,0.36,0.48,0.54,0.58,0.65,0.72,0.72,0.77,0.9,0.81,0.8
9/17/25,207,tongue,body_parts,0.06,0.14,0.16,0.25,0.22,0.34,0.42,0.5,0.51,0.61,0.59,0.65,0.81,0.73,0.74
9/17/25,208,tooth,body_parts,0.16,0.14,0.22,0.36,0.32,0.39,0.45,0.55,0.61,0.7,0.71,0.74,0.88,0.8,0.76
9/17/25,209,tummy,body_parts,0.11,0.17,0.26,0.38,0.34,0.42,0.52,0.63,0.66,0.76,0.75,0.76,0.91,0.83,0.81
9/17/25,210,vagina*,body_parts,0.02,0.04,0.06,0.09,0.09,0.11,0.15,0.17,0.2,0.22,0.25,0.26,0.38,0.38,0.38
9/17/25,211,basket,household,0.02,0.05,0.07,0.17,0.12,0.2,0.24,0.34,0.38,0.44,0.46,0.5,0.72,0.61,0.62
9/17/25,212,blanket,household,0.16,0.2,0.28,0.4,0.39,0.48,0.55,0.66,0.71,0.76,0.81,0.82,0.93,0.85,0.83
9/17/25,213,bottle,household,0.4,0.33,0.37,0.46,0.45,0.55,0.53,0.64,0.65,0.72,0.75,0.78,0.9,0.82,0.79
9/17/25,214,bowl,household,0.11,0.13,0.17,0.31,0.29,0.38,0.42,0.55,0.62,0.65,0.67,0.75,0.88,0.77,0.78
9/17/25,215,box,household,0.11,0.14,0.2,0.31,0.29,0.38,0.42,0.5,0.59,0.63,0.69,0.76,0.87,0.78,0.75
9/17/25,216,broom,household,0.08,0.1,0.12,0.21,0.22,0.26,0.32,0.42,0.47,0.54,0.58,0.63,0.79,0.65,0.65
9/17/25,217,brush,household,0.16,0.15,0.23,0.32,0.32,0.38,0.44,0.58,0.6,0.66,0.68,0.72,0.87,0.76,0.76
9/17/25,218,bucket,household,0.03,0.05,0.07,0.12,0.11,0.17,0.24,0.33,0.37,0.42,0.47,0.48,0.69,0.58,0.62
9/17/25,219,camera,household,0.02,0.03,0.05,0.1,0.12,0.18,0.25,0.31,0.35,0.47,0.48,0.53,0.71,0.58,0.67
9/17/25,220,can (object),household,0.01,0.04,0.04,0.08,0.08,0.12,0.15,0.2,0.24,0.31,0.32,0.38,0.57,0.42,0.46
9/17/25,221,clock,household,0.12,0.11,0.18,0.27,0.26,0.31,0.35,0.46,0.48,0.57,0.59,0.59,0.8,0.66,0.68
9/17/25,222,comb,household,0.05,0.09,0.1,0.19,0.18,0.25,0.24,0.31,0.39,0.43,0.5,0.52,0.73,0.54,0.58
9/17/25,223,cup,household,0.22,0.26,0.37,0.46,0.47,0.56,0.64,0.7,0.73,0.82,0.84,0.88,0.93,0.87,0.85
9/17/25,224,dish,household,0.02,0.03,0.06,0.1,0.11,0.17,0.16,0.24,0.28,0.33,0.36,0.46,0.63,0.46,0.5
9/17/25,225,fork,household,0.07,0.13,0.18,0.32,0.33,0.4,0.46,0.62,0.66,0.71,0.75,0.78,0.9,0.79,0.78
9/17/25,226,garbage,household,0.03,0.06,0.09,0.15,0.16,0.24,0.25,0.4,0.45,0.46,0.51,0.57,0.67,0.67,0.67
9/17/25,227,glass,household,0.03,0.04,0.07,0.12,0.12,0.15,0.21,0.33,0.36,0.41,0.48,0.51,0.69,0.58,0.62
9/17/25,228,glasses,household,0.09,0.1,0.14,0.24,0.22,0.29,0.32,0.46,0.51,0.58,0.62,0.61,0.84,0.69,0.68
9/17/25,229,hammer,household,0.03,0.05,0.06,0.11,0.12,0.16,0.19,0.29,0.34,0.38,0.43,0.48,0.69,0.55,0.56
9/17/25,230,jar,household,0.03,0.08,0.08,0.13,0.14,0.16,0.17,0.25,0.22,0.23,0.28,0.32,0.41,0.4,0.38
9/17/25,231,keys,household,0.29,0.19,0.29,0.39,0.35,0.42,0.49,0.56,0.63,0.72,0.73,0.74,0.92,0.75,0.77
9/17/25,232,knife,household,0.01,0.03,0.06,0.11,0.13,0.18,0.23,0.37,0.41,0.43,0.55,0.55,0.76,0.65,0.66
9/17/25,233,lamp,household,0.02,0.04,0.04,0.07,0.08,0.13,0.15,0.24,0.25,0.29,0.32,0.38,0.54,0.45,0.51
9/17/25,234,light,household,0.23,0.17,0.27,0.38,0.35,0.47,0.52,0.62,0.65,0.72,0.73,0.76,0.91,0.81,0.79
9/17/25,235,medicine,household,0.04,0.05,0.08,0.17,0.15,0.22,0.24,0.35,0.44,0.53,0.58,0.6,0.8,0.67,0.67
9/17/25,236,money,household,0.05,0.06,0.09,0.2,0.2,0.26,0.28,0.34,0.45,0.54,0.58,0.61,0.84,0.69,0.68
9/17/25,237,mop,household,0.01,0.03,0.03,0.07,0.07,0.1,0.14,0.16,0.19,0.25,0.25,0.3,0.47,0.34,0.38
9/17/25,238,nail,household,0.01,0.03,0.02,0.06,0.06,0.08,0.11,0.19,0.21,0.27,0.29,0.34,0.54,0.44,0.47
9/17/25,239,napkin,household,0.02,0.04,0.06,0.12,0.14,0.22,0.26,0.35,0.42,0.5,0.54,0.54,0.78,0.64,0.64
9/17/25,240,paper,household,0.07,0.08,0.13,0.24,0.25,0.34,0.38,0.52,0.58,0.65,0.69,0.7,0.88,0.78,0.79
9/17/25,241,penny,household,0.01,0.03,0.04,0.08,0.08,0.11,0.15,0.18,0.22,0.32,0.35,0.37,0.61,0.35,0.4
9/17/25,242,picture,household,0.04,0.05,0.11,0.17,0.17,0.24,0.3,0.43,0.47,0.57,0.63,0.66,0.82,0.73,0.75
9/17/25,243,pillow,household,0.08,0.1,0.14,0.27,0.25,0.36,0.38,0.53,0.58,0.65,0.72,0.74,0.89,0.8,0.78
9/17/25,244,plant,household,0.02,0.06,0.07,0.1,0.12,0.17,0.18,0.31,0.32,0.37,0.42,0.46,0.64,0.53,0.58
9/17/25,245,plate,household,0.03,0.06,0.1,0.16,0.19,0.3,0.32,0.47,0.5,0.58,0.6,0.64,0.81,0.74,0.72
9/17/25,246,purse,household,0.05,0.07,0.09,0.17,0.15,0.2,0.26,0.32,0.37,0.45,0.49,0.53,0.73,0.54,0.6
9/17/25,247,radio,household,0.01,0.03,0.04,0.06,0.09,0.11,0.16,0.17,0.19,0.26,0.31,0.33,0.59,0.41,0.44
9/17/25,248,scissors,household,0.01,0.03,0.03,0.1,0.09,0.14,0.19,0.28,0.34,0.43,0.48,0.5,0.72,0.66,0.67
9/17/25,249,soap,household,0.06,0.07,0.14,0.25,0.24,0.38,0.38,0.52,0.58,0.66,0.69,0.72,0.88,0.79,0.75
9/17/25,250,spoon,household,0.19,0.21,0.32,0.45,0.45,0.53,0.58,0.7,0.72,0.77,0.79,0.81,0.93,0.84,0.82
9/17/25,251,tape,household,0.01,0.03,0.04,0.09,0.09,0.12,0.16,0.26,0.31,0.36,0.4,0.5,0.69,0.52,0.57
9/17/25,252,telephone,household,0.15,0.17,0.21,0.35,0.35,0.49,0.54,0.64,0.67,0.74,0.76,0.78,0.92,0.86,0.82
9/17/25,253,tissue/kleenex,household,0.02,0.05,0.07,0.14,0.18,0.26,0.26,0.38,0.44,0.52,0.57,0.58,0.79,0.63,0.66
9/17/25,254,toothbrush,household,0.12,0.13,0.22,0.35,0.32,0.41,0.46,0.63,0.64,0.71,0.75,0.75,0.91,0.8,0.8
9/17/25,255,towel,household,0.06,0.09,0.13,0.22,0.22,0.3,0.36,0.48,0.54,0.61,0.66,0.69,0.88,0.76,0.75
9/17/25,256,trash,household,0.07,0.1,0.14,0.24,0.23,0.25,0.35,0.42,0.41,0.51,0.48,0.6,0.75,0.58,0.59
9/17/25,257,tray,household,0,0.02,0.02,0.04,0.03,0.05,0.06,0.12,0.11,0.13,0.16,0.19,0.31,0.22,0.27
9/17/25,258,vacuum,household,0.06,0.07,0.12,0.19,0.19,0.28,0.3,0.38,0.44,0.51,0.56,0.6,0.77,0.67,0.65
9/17/25,259,walker,household,0,0.02,0.01,0.02,0.02,0.03,0.05,0.07,0.07,0.09,0.08,0.16,0.21,0.17,0.16
9/17/25,260,watch (object),household,0.06,0.06,0.12,0.19,0.17,0.21,0.26,0.37,0.39,0.46,0.51,0.51,0.77,0.59,0.6
9/17/25,261,basement,furniture_rooms,0.01,0.02,0.02,0.02,0.04,0.06,0.08,0.14,0.14,0.15,0.2,0.24,0.28,0.25,0.22
9/17/25,262,bathroom,furniture_rooms,0.04,0.07,0.11,0.2,0.2,0.26,0.37,0.46,0.54,0.61,0.68,0.67,0.85,0.78,0.79
9/17/25,263,bathtub,furniture_rooms,0.15,0.16,0.23,0.33,0.31,0.36,0.45,0.57,0.59,0.63,0.69,0.7,0.86,0.74,0.73
9/17/25,264,bed,furniture_rooms,0.11,0.2,0.28,0.39,0.42,0.53,0.56,0.7,0.73,0.8,0.83,0.87,0.94,0.88,0.85
9/17/25,265,bedroom,furniture_rooms,0.02,0.05,0.07,0.12,0.12,0.2,0.22,0.34,0.42,0.48,0.54,0.58,0.76,0.68,0.69
9/17/25,266,bench,furniture_rooms,0,0.02,0.02,0.04,0.04,0.05,0.07,0.14,0.14,0.16,0.23,0.25,0.38,0.32,0.37
9/17/25,267,chair,furniture_rooms,0.15,0.17,0.28,0.4,0.38,0.44,0.54,0.64,0.71,0.76,0.79,0.8,0.93,0.85,0.83
9/17/25,268,closet,furniture_rooms,0.01,0.03,0.04,0.08,0.07,0.14,0.19,0.24,0.32,0.39,0.44,0.52,0.71,0.62,0.65
9/17/25,269,couch,furniture_rooms,0.02,0.05,0.1,0.17,0.17,0.25,0.3,0.42,0.48,0.54,0.58,0.64,0.81,0.7,0.69
9/17/25,270,crib,furniture_rooms,0.04,0.05,0.08,0.13,0.14,0.22,0.24,0.39,0.37,0.46,0.54,0.53,0.7,0.59,0.64
9/17/25,271,door,furniture_rooms,0.21,0.24,0.29,0.4,0.39,0.49,0.56,0.65,0.71,0.77,0.8,0.85,0.93,0.85,0.84
9/17/25,272,drawer,furniture_rooms,0.02,0.03,0.05,0.07,0.07,0.11,0.14,0.21,0.27,0.31,0.37,0.45,0.6,0.49,0.53
9/17/25,273,dryer,furniture_rooms,0.01,0.02,0.03,0.08,0.05,0.08,0.11,0.19,0.21,0.27,0.33,0.37,0.56,0.45,0.47
9/17/25,274,garage,furniture_rooms,0.01,0.02,0.03,0.08,0.08,0.11,0.16,0.23,0.28,0.36,0.39,0.45,0.66,0.51,0.53
9/17/25,275,high chair,furniture_rooms,0.05,0.08,0.13,0.17,0.15,0.22,0.25,0.37,0.38,0.41,0.49,0.49,0.68,0.56,0.58
9/17/25,276,kitchen,furniture_rooms,0.03,0.05,0.09,0.17,0.16,0.28,0.29,0.42,0.5,0.57,0.63,0.67,0.83,0.75,0.76
9/17/25,277,living room,furniture_rooms,0,0.03,0.04,0.05,0.05,0.1,0.12,0.24,0.27,0.31,0.4,0.45,0.6,0.51,0.54
9/17/25,278,oven,furniture_rooms,0.01,0.04,0.04,0.09,0.09,0.13,0.17,0.26,0.31,0.35,0.43,0.47,0.63,0.56,0.56
9/17/25,279,play pen,furniture_rooms,0.01,0.02,0.02,0.04,0.03,0.03,0.04,0.09,0.08,0.11,0.13,0.15,0.3,0.21,0.22
9/17/25,280,porch,furniture_rooms,0.01,0.01,0.02,0.03,0.05,0.07,0.08,0.13,0.13,0.19,0.21,0.3,0.41,0.27,0.31
9/17/25,281,potty,furniture_rooms,0.1,0.15,0.25,0.38,0.36,0.46,0.53,0.64,0.66,0.74,0.78,0.78,0.9,0.82,0.8
9/17/25,282,rocking chair,furniture_rooms,0.03,0.04,0.06,0.12,0.12,0.14,0.2,0.23,0.25,0.34,0.37,0.41,0.59,0.45,0.5
9/17/25,283,refrigerator,furniture_rooms,0.02,0.05,0.06,0.12,0.12,0.15,0.19,0.3,0.37,0.42,0.5,0.55,0.76,0.62,0.62
9/17/25,284,room,furniture_rooms,0.03,0.05,0.07,0.14,0.15,0.19,0.28,0.38,0.43,0.51,0.57,0.63,0.79,0.65,0.72
9/17/25,285,shower,furniture_rooms,0.04,0.07,0.1,0.19,0.2,0.26,0.32,0.44,0.48,0.56,0.6,0.62,0.8,0.71,0.71
9/17/25,286,sink,furniture_rooms,0.02,0.04,0.06,0.12,0.11,0.19,0.23,0.32,0.4,0.45,0.53,0.57,0.74,0.65,0.66
9/17/25,287,sofa,furniture_rooms,0.01,0.03,0.04,0.05,0.06,0.09,0.1,0.16,0.18,0.24,0.28,0.28,0.4,0.38,0.45
9/17/25,288,stairs,furniture_rooms,0.05,0.06,0.1,0.17,0.16,0.24,0.31,0.42,0.45,0.52,0.59,0.6,0.81,0.67,0.7
9/17/25,289,stove,furniture_rooms,0.02,0.05,0.07,0.12,0.11,0.18,0.19,0.28,0.31,0.33,0.41,0.45,0.61,0.51,0.52
9/17/25,290,table,furniture_rooms,0.03,0.07,0.11,0.2,0.2,0.28,0.33,0.47,0.52,0.62,0.66,0.66,0.86,0.76,0.77
9/17/25,291,TV,furniture_rooms,0.09,0.13,0.2,0.32,0.33,0.42,0.46,0.58,0.63,0.74,0.76,0.73,0.92,0.85,0.85
9/17/25,292,window,furniture_rooms,0.04,0.06,0.08,0.15,0.16,0.22,0.2,0.34,0.42,0.47,0.58,0.64,0.81,0.7,0.66
9/17/25,293,washing machine,furniture_rooms,0.01,0.03,0.06,0.09,0.08,0.13,0.2,0.3,0.27,0.33,0.36,0.39,0.57,0.53,0.62
9/17/25,294,backyard,outside,0.02,0.03,0.06,0.07,0.08,0.15,0.14,0.24,0.28,0.35,0.4,0.43,0.65,0.51,0.53
9/17/25,295,cloud,outside,0.03,0.05,0.08,0.13,0.15,0.21,0.26,0.37,0.42,0.48,0.49,0.56,0.73,0.66,0.69
9/17/25,296,flag,outside,0.02,0.04,0.06,0.12,0.09,0.15,0.18,0.24,0.3,0.39,0.43,0.41,0.65,0.51,0.55
9/17/25,297,flower,outside,0.18,0.22,0.27,0.43,0.4,0.49,0.54,0.66,0.69,0.78,0.77,0.84,0.92,0.86,0.86
9/17/25,298,garden,outside,0,0.02,0.03,0.05,0.05,0.08,0.1,0.2,0.23,0.24,0.32,0.35,0.51,0.48,0.48
9/17/25,299,grass,outside,0.05,0.09,0.13,0.21,0.22,0.27,0.35,0.46,0.52,0.62,0.64,0.68,0.85,0.75,0.74
9/17/25,300,hose,outside,0.02,0.03,0.04,0.08,0.08,0.1,0.14,0.23,0.26,0.32,0.37,0.4,0.63,0.51,0.49
9/17/25,301,ladder,outside,0.01,0.02,0.03,0.08,0.06,0.11,0.14,0.22,0.26,0.34,0.35,0.41,0.62,0.53,0.53
9/17/25,302,lawn mower,outside,0.02,0.04,0.07,0.12,0.11,0.16,0.15,0.26,0.27,0.33,0.38,0.43,0.6,0.48,0.45
9/17/25,303,moon,outside,0.2,0.22,0.27,0.39,0.36,0.48,0.56,0.64,0.67,0.75,0.75,0.76,0.89,0.82,0.83
9/17/25,304,pool,outside,0.09,0.1,0.14,0.22,0.23,0.31,0.37,0.43,0.49,0.59,0.62,0.62,0.81,0.71,0.74
9/17/25,305,rain,outside,0.06,0.1,0.16,0.26,0.29,0.38,0.43,0.6,0.63,0.72,0.73,0.76,0.91,0.82,0.84
9/17/25,306,rock,outside,0.12,0.15,0.19,0.3,0.29,0.34,0.43,0.56,0.6,0.65,0.67,0.69,0.87,0.77,0.75
9/17/25,307,roof,outside,0,0.02,0.02,0.04,0.04,0.06,0.09,0.14,0.18,0.2,0.27,0.29,0.49,0.42,0.45
9/17/25,308,sandbox,outside,0.01,0.02,0.05,0.08,0.07,0.11,0.11,0.21,0.27,0.3,0.33,0.42,0.6,0.46,0.47
9/17/25,309,shovel,outside,0.03,0.04,0.06,0.11,0.11,0.17,0.21,0.31,0.38,0.39,0.46,0.51,0.71,0.59,0.61
9/17/25,310,sidewalk,outside,0,0.03,0.03,0.06,0.06,0.08,0.13,0.19,0.25,0.3,0.36,0.39,0.59,0.5,0.53
9/17/25,311,sky,outside,0.06,0.08,0.12,0.21,0.21,0.29,0.32,0.41,0.47,0.54,0.59,0.65,0.78,0.67,0.72
9/17/25,312,slide (object),outside,0.08,0.1,0.15,0.25,0.26,0.33,0.35,0.53,0.54,0.6,0.64,0.68,0.84,0.73,0.7
9/17/25,313,snow,outside,0.05,0.11,0.12,0.17,0.19,0.3,0.26,0.45,0.49,0.46,0.56,0.61,0.7,0.69,0.67
9/17/25,314,snowman,outside,0.01,0.04,0.04,0.08,0.09,0.15,0.18,0.27,0.32,0.36,0.43,0.45,0.59,0.61,0.6
9/17/25,315,sprinkler,outside,0.01,0.01,0.02,0.06,0.03,0.06,0.07,0.15,0.16,0.26,0.27,0.27,0.47,0.37,0.39
9/17/25,316,star,outside,0.11,0.15,0.2,0.29,0.27,0.42,0.45,0.53,0.6,0.68,0.67,0.72,0.85,0.79,0.8
9/17/25,317,stick,outside,0.05,0.06,0.1,0.18,0.16,0.21,0.28,0.4,0.46,0.51,0.55,0.63,0.79,0.68,0.66
9/17/25,318,stone,outside,0.02,0.02,0.04,0.05,0.04,0.08,0.09,0.14,0.17,0.21,0.21,0.3,0.39,0.36,0.38
9/17/25,319,street,outside,0.01,0.03,0.05,0.1,0.11,0.16,0.19,0.29,0.36,0.43,0.48,0.52,0.75,0.63,0.63
9/17/25,320,sun,outside,0.05,0.11,0.14,0.26,0.27,0.38,0.44,0.52,0.59,0.69,0.7,0.76,0.87,0.81,0.82
9/17/25,321,swing (object),outside,0.13,0.16,0.2,0.3,0.3,0.36,0.4,0.55,0.59,0.65,0.69,0.7,0.87,0.74,0.74
9/17/25,322,tree,outside,0.21,0.2,0.3,0.42,0.4,0.55,0.54,0.69,0.73,0.76,0.79,0.85,0.93,0.87,0.84
9/17/25,323,water (not beverage),outside,0.23,0.22,0.31,0.41,0.47,0.53,0.55,0.69,0.71,0.77,0.76,0.83,0.94,0.84,0.86
9/17/25,324,wind,outside,0.02,0.04,0.07,0.13,0.12,0.17,0.19,0.33,0.36,0.44,0.45,0.52,0.69,0.61,0.63
9/17/25,325,beach,places,0.04,0.05,0.07,0.1,0.12,0.18,0.25,0.29,0.32,0.39,0.45,0.52,0.67,0.58,0.65
9/17/25,326,camping,places,0,0.02,0.01,0.01,0.01,0.05,0.04,0.08,0.1,0.11,0.17,0.17,0.29,0.24,0.27
9/17/25,327,church*,places,0.03,0.05,0.09,0.15,0.15,0.16,0.21,0.22,0.25,0.37,0.37,0.41,0.53,0.4,0.42
9/17/25,328,circus,places,0,0.01,0.01,0.02,0.02,0.02,0.04,0.07,0.08,0.14,0.15,0.18,0.33,0.21,0.26
9/17/25,329,country,places,0,0.01,0.01,0.01,0.01,0.01,0.02,0.03,0.04,0.07,0.06,0.09,0.14,0.12,0.15
9/17/25,330,downtown,places,0,0.01,0.01,0.03,0.02,0.03,0.03,0.06,0.08,0.09,0.12,0.15,0.22,0.2,0.21
9/17/25,331,farm,places,0.01,0.02,0.02,0.08,0.09,0.13,0.16,0.25,0.27,0.34,0.41,0.41,0.57,0.51,0.56
9/17/25,332,gas station,places,0,0.02,0.02,0.03,0.04,0.04,0.08,0.11,0.17,0.21,0.27,0.3,0.5,0.44,0.46
9/17/25,333,home,places,0.1,0.17,0.22,0.33,0.35,0.42,0.47,0.61,0.66,0.74,0.77,0.79,0.9,0.82,0.81
9/17/25,334,house,places,0.07,0.11,0.17,0.27,0.25,0.35,0.4,0.49,0.57,0.63,0.69,0.7,0.84,0.81,0.8
9/17/25,335,movie,places,0.01,0.02,0.04,0.08,0.08,0.12,0.16,0.2,0.26,0.33,0.4,0.4,0.59,0.51,0.58
9/17/25,336,outside,places,0.22,0.24,0.32,0.45,0.43,0.53,0.57,0.67,0.69,0.74,0.77,0.8,0.91,0.84,0.8
9/17/25,337,park,places,0.07,0.1,0.18,0.26,0.27,0.33,0.43,0.52,0.59,0.65,0.69,0.71,0.84,0.79,0.83
9/17/25,338,party,places,0.01,0.03,0.04,0.08,0.08,0.12,0.17,0.26,0.35,0.46,0.48,0.48,0.71,0.59,0.65
9/17/25,339,picnic,places,0,0.02,0.03,0.05,0.04,0.05,0.08,0.14,0.19,0.23,0.31,0.34,0.48,0.44,0.46
9/17/25,340,playground,places,0.01,0.03,0.05,0.07,0.08,0.12,0.18,0.31,0.3,0.38,0.39,0.45,0.57,0.59,0.61
9/17/25,341,school,places,0.03,0.09,0.12,0.18,0.21,0.26,0.35,0.41,0.49,0.6,0.63,0.67,0.81,0.73,0.76
9/17/25,342,store,places,0.03,0.05,0.08,0.18,0.18,0.24,0.29,0.39,0.46,0.56,0.63,0.63,0.84,0.72,0.69
9/17/25,343,woods,places,0,0.02,0.01,0.03,0.02,0.04,0.04,0.07,0.09,0.11,0.14,0.19,0.26,0.23,0.24
9/17/25,344,work (place),places,0.05,0.05,0.1,0.15,0.17,0.2,0.27,0.39,0.47,0.54,0.61,0.62,0.81,0.69,0.7
9/17/25,345,yard,places,0.01,0.03,0.04,0.07,0.07,0.1,0.13,0.19,0.23,0.3,0.36,0.41,0.57,0.47,0.48
9/17/25,346,zoo,places,0.02,0.07,0.08,0.13,0.11,0.21,0.22,0.26,0.33,0.42,0.44,0.51,0.68,0.55,0.56
9/17/25,347,aunt,people,0.06,0.08,0.12,0.17,0.17,0.2,0.27,0.37,0.42,0.46,0.49,0.54,0.7,0.6,0.59
9/17/25,348,baby,people,0.51,0.57,0.64,0.73,0.71,0.83,0.83,0.83,0.87,0.91,0.89,0.91,0.96,0.94,0.92
9/17/25,349,babysitter,people,0,0.01,0.01,0.03,0.02,0.03,0.03,0.07,0.11,0.13,0.12,0.17,0.31,0.25,0.22
9/17/25,350,babysitter's name,people,0.18,0.16,0.17,0.25,0.23,0.29,0.25,0.34,0.38,0.42,0.45,0.47,0.62,0.44,0.44
9/17/25,351,boy,people,0.06,0.11,0.16,0.25,0.24,0.28,0.35,0.43,0.49,0.56,0.63,0.65,0.82,0.75,0.75
9/17/25,352,brother,people,0.07,0.13,0.15,0.17,0.17,0.2,0.26,0.3,0.31,0.36,0.45,0.43,0.58,0.59,0.57
9/17/25,353,child,people,0.01,0.03,0.03,0.04,0.04,0.06,0.08,0.12,0.15,0.17,0.18,0.25,0.33,0.33,0.35
9/17/25,354,clown,people,0.02,0.03,0.05,0.08,0.08,0.12,0.11,0.13,0.2,0.27,0.29,0.32,0.61,0.35,0.42
9/17/25,355,cowboy,people,0,0.02,0.01,0.02,0.02,0.04,0.04,0.08,0.11,0.16,0.16,0.19,0.37,0.31,0.34
9/17/25,356,daddy*,people,0.92,0.89,0.91,0.92,0.89,0.93,0.9,0.93,0.95,0.93,0.96,0.94,0.98,0.95,0.92
9/17/25,357,doctor,people,0.03,0.04,0.09,0.16,0.16,0.23,0.25,0.33,0.4,0.52,0.55,0.61,0.76,0.71,0.73
9/17/25,358,fireman,people,0,0.02,0.02,0.04,0.04,0.08,0.11,0.19,0.24,0.29,0.34,0.41,0.58,0.54,0.55
9/17/25,359,friend,people,0.02,0.03,0.05,0.1,0.1,0.15,0.2,0.29,0.33,0.37,0.45,0.47,0.65,0.64,0.66
9/17/25,360,girl,people,0.06,0.09,0.12,0.23,0.22,0.28,0.34,0.39,0.44,0.5,0.58,0.59,0.78,0.69,0.69
9/17/25,361,grandma*,people,0.4,0.43,0.54,0.62,0.64,0.69,0.72,0.8,0.82,0.85,0.86,0.88,0.94,0.9,0.84
9/17/25,362,grandpa*,people,0.34,0.38,0.46,0.55,0.55,0.6,0.66,0.75,0.76,0.79,0.83,0.82,0.91,0.86,0.8
9/17/25,363,lady,people,0.02,0.02,0.04,0.07,0.09,0.11,0.14,0.18,0.25,0.28,0.34,0.38,0.54,0.45,0.45
9/17/25,364,mailman,people,0.01,0.03,0.03,0.05,0.04,0.09,0.1,0.17,0.17,0.22,0.29,0.35,0.5,0.41,0.41
9/17/25,365,man,people,0.05,0.06,0.07,0.14,0.13,0.18,0.24,0.29,0.36,0.41,0.47,0.5,0.7,0.59,0.6
9/17/25,366,mommy*,people,0.92,0.9,0.92,0.94,0.91,0.93,0.92,0.92,0.96,0.93,0.95,0.96,0.98,0.97,0.92
9/17/25,367,nurse,people,0.01,0.02,0.02,0.03,0.03,0.05,0.04,0.07,0.08,0.13,0.15,0.17,0.29,0.24,0.27
9/17/25,368,child's own name,people,0.23,0.25,0.36,0.47,0.45,0.53,0.6,0.66,0.73,0.8,0.83,0.84,0.92,0.87,0.88
9/17/25,369,people,people,0.02,0.04,0.06,0.11,0.08,0.12,0.18,0.28,0.3,0.32,0.39,0.44,0.6,0.53,0.56
9/17/25,370,person,people,0.01,0.02,0.02,0.03,0.04,0.05,0.05,0.09,0.11,0.13,0.18,0.21,0.28,0.3,0.32
9/17/25,371,pet's name,people,0.3,0.29,0.35,0.44,0.39,0.49,0.5,0.52,0.56,0.59,0.64,0.64,0.78,0.69,0.64
9/17/25,372,police,people,0,0.02,0.02,0.03,0.03,0.07,0.09,0.14,0.19,0.26,0.31,0.35,0.51,0.49,0.53
9/17/25,373,sister,people,0.1,0.14,0.15,0.17,0.18,0.21,0.31,0.31,0.33,0.39,0.41,0.45,0.56,0.56,0.58
9/17/25,374,teacher,people,0.01,0.03,0.04,0.07,0.07,0.11,0.13,0.2,0.24,0.32,0.34,0.39,0.52,0.54,0.56
9/17/25,375,uncle,people,0.04,0.05,0.09,0.14,0.14,0.17,0.25,0.34,0.39,0.43,0.47,0.48,0.67,0.6,0.6
9/17/25,376,bath,games_routines,0.35,0.4,0.47,0.59,0.57,0.63,0.66,0.79,0.79,0.81,0.83,0.86,0.95,0.86,0.83
9/17/25,377,breakfast,games_routines,0.05,0.08,0.1,0.18,0.18,0.26,0.31,0.44,0.48,0.55,0.61,0.63,0.8,0.74,0.71
9/17/25,378,bye,games_routines,0.7,0.71,0.79,0.85,0.84,0.87,0.9,0.91,0.92,0.94,0.93,0.93,0.97,0.95,0.96
9/17/25,379,call (on phone),games_routines,0.1,0.11,0.16,0.24,0.25,0.33,0.38,0.48,0.53,0.59,0.65,0.68,0.78,0.73,0.73
9/17/25,380,dinner,games_routines,0.05,0.06,0.07,0.16,0.17,0.25,0.3,0.42,0.46,0.54,0.59,0.64,0.79,0.71,0.71
9/17/25,381,give me five!,games_routines,0.07,0.1,0.16,0.23,0.22,0.29,0.34,0.38,0.44,0.55,0.53,0.57,0.69,0.68,0.73
9/17/25,382,gonna get you!,games_routines,0.07,0.1,0.14,0.19,0.18,0.24,0.3,0.39,0.42,0.54,0.56,0.58,0.74,0.63,0.68
9/17/25,383,go potty,games_routines,0.06,0.11,0.16,0.25,0.27,0.33,0.43,0.53,0.57,0.66,0.68,0.75,0.86,0.79,0.78
9/17/25,384,hello,games_routines,0.32,0.45,0.46,0.51,0.53,0.63,0.72,0.71,0.73,0.76,0.72,0.76,0.81,0.83,0.87
9/17/25,385,hi,games_routines,0.64,0.56,0.65,0.75,0.69,0.76,0.73,0.79,0.85,0.87,0.91,0.92,0.96,0.91,0.89
9/17/25,386,lunch,games_routines,0.05,0.06,0.09,0.18,0.17,0.25,0.3,0.4,0.46,0.54,0.62,0.63,0.78,0.73,0.73
9/17/25,387,nap,games_routines,0.08,0.12,0.17,0.27,0.26,0.34,0.42,0.55,0.6,0.68,0.7,0.75,0.88,0.8,0.78
9/17/25,388,night night,games_routines,0.4,0.36,0.48,0.6,0.53,0.63,0.7,0.72,0.76,0.81,0.82,0.85,0.92,0.88,0.84
9/17/25,389,no,games_routines,0.63,0.64,0.72,0.79,0.8,0.84,0.9,0.85,0.9,0.93,0.94,0.94,0.97,0.95,0.95
9/17/25,390,pattycake,games_routines,0.07,0.09,0.12,0.19,0.16,0.24,0.24,0.31,0.31,0.43,0.42,0.45,0.67,0.49,0.52
9/17/25,391,peekaboo,games_routines,0.3,0.34,0.4,0.5,0.47,0.55,0.61,0.66,0.71,0.78,0.77,0.78,0.9,0.8,0.83
9/17/25,392,please,games_routines,0.26,0.33,0.41,0.55,0.52,0.65,0.72,0.79,0.8,0.85,0.86,0.91,0.96,0.93,0.94
9/17/25,393,shh/shush/hush,games_routines,0.3,0.39,0.44,0.56,0.54,0.62,0.7,0.71,0.73,0.83,0.81,0.84,0.91,0.84,0.86
9/17/25,394,shopping,games_routines,0.02,0.03,0.05,0.11,0.09,0.13,0.19,0.28,0.34,0.41,0.46,0.52,0.7,0.61,0.62
9/17/25,395,snack,games_routines,0.06,0.13,0.19,0.25,0.24,0.32,0.42,0.51,0.55,0.59,0.63,0.7,0.78,0.74,0.77
9/17/25,396,so big!,games_routines,0.06,0.07,0.11,0.13,0.15,0.2,0.22,0.32,0.38,0.44,0.49,0.49,0.6,0.59,0.6
9/17/25,397,thank you,games_routines,0.36,0.36,0.47,0.61,0.56,0.65,0.74,0.78,0.8,0.88,0.86,0.9,0.95,0.94,0.95
9/17/25,398,this little piggy,games_routines,0.03,0.04,0.06,0.13,0.1,0.14,0.17,0.26,0.31,0.39,0.4,0.41,0.64,0.5,0.53
9/17/25,399,turn around,games_routines,0.02,0.05,0.05,0.11,0.11,0.15,0.18,0.3,0.36,0.43,0.45,0.52,0.68,0.59,0.63
9/17/25,400,yes,games_routines,0.35,0.4,0.47,0.6,0.58,0.72,0.75,0.79,0.83,0.87,0.9,0.9,0.95,0.94,0.92
9/17/25,401,bite,action_words,0.13,0.13,0.19,0.31,0.28,0.34,0.43,0.5,0.56,0.65,0.66,0.7,0.87,0.75,0.75
9/17/25,402,blow,action_words,0.07,0.07,0.1,0.21,0.19,0.26,0.29,0.4,0.48,0.58,0.57,0.63,0.82,0.68,0.68
9/17/25,403,break,action_words,0.02,0.03,0.05,0.11,0.13,0.17,0.26,0.35,0.42,0.49,0.55,0.56,0.8,0.68,0.71
9/17/25,404,bring,action_words,0.02,0.03,0.05,0.08,0.1,0.13,0.16,0.29,0.32,0.38,0.41,0.49,0.65,0.59,0.6
9/17/25,405,build,action_words,0.01,0.03,0.02,0.07,0.05,0.11,0.15,0.24,0.29,0.36,0.44,0.47,0.62,0.59,0.61
9/17/25,406,bump,action_words,0.05,0.05,0.1,0.14,0.13,0.16,0.2,0.31,0.34,0.39,0.47,0.43,0.66,0.57,0.57
9/17/25,407,buy,action_words,0.01,0.03,0.03,0.06,0.05,0.08,0.11,0.19,0.22,0.28,0.33,0.42,0.59,0.54,0.58
9/17/25,408,carry,action_words,0.01,0.04,0.04,0.11,0.1,0.17,0.22,0.33,0.39,0.46,0.54,0.57,0.72,0.68,0.65
9/17/25,409,catch,action_words,0.02,0.04,0.07,0.11,0.12,0.17,0.23,0.31,0.38,0.48,0.54,0.56,0.75,0.69,0.7
9/17/25,410,chase,action_words,0.01,0.02,0.04,0.08,0.06,0.1,0.12,0.21,0.27,0.31,0.33,0.37,0.57,0.48,0.52
9/17/25,411,clap,action_words,0.06,0.13,0.17,0.26,0.27,0.32,0.38,0.48,0.52,0.61,0.63,0.65,0.79,0.75,0.73
9/17/25,412,clean (action),action_words,0.03,0.06,0.1,0.19,0.2,0.28,0.35,0.43,0.51,0.58,0.63,0.65,0.83,0.74,0.77
9/17/25,413,climb,action_words,0.02,0.04,0.06,0.11,0.11,0.16,0.24,0.33,0.39,0.47,0.5,0.53,0.72,0.63,0.67
9/17/25,414,close,action_words,0.06,0.06,0.11,0.16,0.17,0.23,0.29,0.4,0.48,0.55,0.56,0.6,0.8,0.71,0.74
9/17/25,415,cook,action_words,0.02,0.05,0.06,0.15,0.13,0.2,0.28,0.33,0.41,0.51,0.54,0.56,0.74,0.66,0.68
9/17/25,416,cover,action_words,0.01,0.02,0.02,0.05,0.04,0.08,0.1,0.17,0.21,0.27,0.3,0.35,0.57,0.5,0.48
9/17/25,417,cry,action_words,0.04,0.05,0.11,0.18,0.23,0.29,0.38,0.47,0.52,0.66,0.69,0.7,0.88,0.81,0.8
9/17/25,418,cut,action_words,0,0.02,0.03,0.07,0.08,0.12,0.17,0.24,0.31,0.38,0.45,0.5,0.68,0.61,0.62
9/17/25,419,dance,action_words,0.07,0.11,0.15,0.24,0.23,0.33,0.37,0.52,0.53,0.62,0.65,0.69,0.82,0.78,0.78
9/17/25,420,draw,action_words,0.02,0.05,0.05,0.14,0.12,0.2,0.25,0.35,0.39,0.48,0.5,0.59,0.73,0.67,0.66
9/17/25,421,drink (action),action_words,0.15,0.13,0.22,0.33,0.29,0.42,0.42,0.55,0.61,0.71,0.71,0.73,0.89,0.8,0.79
9/17/25,422,drive,action_words,0.02,0.04,0.05,0.13,0.1,0.19,0.21,0.36,0.4,0.49,0.51,0.56,0.78,0.67,0.67
9/17/25,423,drop,action_words,0.02,0.04,0.05,0.11,0.1,0.11,0.19,0.29,0.35,0.42,0.46,0.51,0.7,0.61,0.63
9/17/25,424,dry (action),action_words,0.01,0.03,0.05,0.08,0.08,0.12,0.14,0.26,0.28,0.34,0.39,0.47,0.67,0.57,0.56
9/17/25,425,dump,action_words,0.01,0.02,0.02,0.05,0.06,0.07,0.1,0.17,0.21,0.24,0.26,0.32,0.44,0.42,0.39
9/17/25,426,eat,action_words,0.17,0.21,0.33,0.46,0.42,0.52,0.63,0.68,0.73,0.8,0.81,0.85,0.94,0.89,0.86
9/17/25,427,fall,action_words,0.04,0.06,0.09,0.18,0.2,0.25,0.36,0.47,0.55,0.63,0.7,0.7,0.86,0.78,0.76
9/17/25,428,feed,action_words,0.01,0.03,0.04,0.08,0.08,0.13,0.14,0.25,0.28,0.34,0.4,0.47,0.66,0.53,0.57
9/17/25,429,find,action_words,0.01,0.03,0.04,0.1,0.09,0.17,0.2,0.33,0.37,0.45,0.48,0.55,0.76,0.68,0.68
9/17/25,430,finish,action_words,0.01,0.03,0.05,0.08,0.09,0.09,0.16,0.26,0.27,0.33,0.38,0.39,0.56,0.56,0.61
9/17/25,431,fit,action_words,0,0.02,0.02,0.06,0.02,0.05,0.08,0.15,0.21,0.24,0.3,0.33,0.51,0.44,0.5
9/17/25,432,fix,action_words,0.01,0.03,0.05,0.13,0.12,0.18,0.24,0.35,0.41,0.5,0.54,0.6,0.79,0.66,0.7
9/17/25,433,get,action_words,0.06,0.06,0.1,0.19,0.17,0.24,0.33,0.39,0.46,0.57,0.58,0.62,0.82,0.73,0.73
9/17/25,434,give,action_words,0.03,0.05,0.06,0.09,0.11,0.16,0.21,0.31,0.37,0.46,0.5,0.55,0.75,0.69,0.7
9/17/25,435,go,action_words,0.24,0.28,0.36,0.49,0.5,0.58,0.69,0.68,0.75,0.82,0.82,0.84,0.93,0.89,0.89
9/17/25,436,hate,action_words,0,0.02,0.01,0.01,0.01,0.01,0.02,0.05,0.04,0.07,0.1,0.14,0.2,0.18,0.18
9/17/25,437,have,action_words,0.01,0.03,0.04,0.09,0.09,0.15,0.19,0.3,0.36,0.42,0.48,0.54,0.72,0.64,0.67
9/17/25,438,hear,action_words,0.01,0.03,0.03,0.08,0.07,0.1,0.16,0.23,0.3,0.36,0.41,0.45,0.64,0.6,0.62
9/17/25,439,help,action_words,0.07,0.11,0.19,0.26,0.28,0.36,0.44,0.56,0.6,0.68,0.72,0.74,0.88,0.83,0.82
9/17/25,440,hide,action_words,0.01,0.03,0.05,0.12,0.11,0.19,0.25,0.36,0.41,0.5,0.52,0.56,0.75,0.69,0.69
9/17/25,441,hit,action_words,0.03,0.04,0.07,0.12,0.13,0.17,0.29,0.39,0.42,0.55,0.57,0.63,0.8,0.71,0.73
9/17/25,442,hold,action_words,0.02,0.03,0.06,0.14,0.12,0.18,0.23,0.36,0.4,0.46,0.53,0.57,0.78,0.66,0.66
9/17/25,443,hug,action_words,0.11,0.15,0.22,0.31,0.34,0.39,0.46,0.61,0.63,0.71,0.73,0.78,0.89,0.84,0.82
9/17/25,444,hurry,action_words,0.02,0.02,0.03,0.07,0.06,0.09,0.15,0.16,0.23,0.33,0.35,0.38,0.62,0.52,0.56
9/17/25,445,jump,action_words,0.05,0.08,0.13,0.24,0.23,0.29,0.43,0.55,0.59,0.68,0.69,0.7,0.86,0.81,0.83
9/17/25,446,kick,action_words,0.05,0.06,0.09,0.19,0.17,0.21,0.29,0.38,0.45,0.54,0.55,0.61,0.77,0.72,0.72
9/17/25,447,kiss,action_words,0.12,0.21,0.25,0.36,0.34,0.45,0.52,0.61,0.67,0.75,0.77,0.82,0.91,0.88,0.85
9/17/25,448,knock,action_words,0.03,0.06,0.08,0.13,0.13,0.16,0.25,0.31,0.37,0.43,0.47,0.51,0.69,0.6,0.61
9/17/25,449,lick,action_words,0.01,0.02,0.02,0.07,0.05,0.08,0.15,0.21,0.26,0.3,0.35,0.43,0.6,0.54,0.56
9/17/25,450,like,action_words,0.01,0.02,0.03,0.1,0.09,0.12,0.18,0.3,0.36,0.41,0.5,0.57,0.74,0.68,0.71
9/17/25,451,listen,action_words,0.01,0.03,0.03,0.06,0.07,0.08,0.15,0.2,0.25,0.32,0.32,0.42,0.56,0.54,0.58
9/17/25,452,look,action_words,0.06,0.07,0.1,0.19,0.17,0.2,0.33,0.4,0.49,0.6,0.63,0.67,0.83,0.78,0.79
9/17/25,453,love,action_words,0.09,0.11,0.14,0.26,0.27,0.33,0.4,0.47,0.54,0.64,0.67,0.71,0.85,0.8,0.8
9/17/25,454,make,action_words,0,0.02,0.01,0.05,0.06,0.1,0.15,0.21,0.28,0.36,0.4,0.48,0.7,0.59,0.62
9/17/25,455,open,action_words,0.11,0.15,0.19,0.31,0.31,0.4,0.48,0.57,0.64,0.73,0.74,0.77,0.89,0.84,0.83
9/17/25,456,paint,action_words,0.01,0.03,0.04,0.07,0.09,0.16,0.18,0.29,0.33,0.39,0.43,0.52,0.7,0.65,0.65
9/17/25,457,pick,action_words,0.01,0.02,0.03,0.07,0.06,0.09,0.12,0.17,0.22,0.3,0.32,0.4,0.54,0.53,0.56
9/17/25,458,play,action_words,0.06,0.08,0.15,0.22,0.25,0.34,0.42,0.56,0.6,0.68,0.71,0.77,0.88,0.83,0.85
9/17/25,459,pour,action_words,0,0.03,0.02,0.05,0.04,0.08,0.12,0.18,0.22,0.27,0.32,0.41,0.57,0.47,0.48
9/17/25,460,pretend,action_words,0,0.01,0.01,0.03,0.02,0.02,0.05,0.09,0.11,0.16,0.18,0.26,0.38,0.38,0.41
9/17/25,461,pull,action_words,0.02,0.04,0.05,0.1,0.09,0.16,0.22,0.28,0.33,0.42,0.45,0.53,0.69,0.6,0.61
9/17/25,462,push,action_words,0.04,0.06,0.09,0.16,0.17,0.24,0.29,0.4,0.46,0.55,0.54,0.61,0.78,0.72,0.73
9/17/25,463,put,action_words,0.01,0.03,0.03,0.09,0.07,0.13,0.15,0.25,0.3,0.38,0.42,0.47,0.65,0.58,0.62
9/17/25,464,read,action_words,0.09,0.11,0.15,0.24,0.24,0.32,0.38,0.52,0.56,0.65,0.68,0.7,0.88,0.79,0.75
9/17/25,465,ride,action_words,0.03,0.04,0.08,0.15,0.15,0.22,0.27,0.37,0.43,0.53,0.55,0.58,0.82,0.7,0.66
9/17/25,466,rip,action_words,0,0.02,0.02,0.04,0.04,0.04,0.07,0.13,0.14,0.15,0.22,0.27,0.38,0.37,0.36
9/17/25,467,run,action_words,0.03,0.04,0.11,0.19,0.19,0.25,0.38,0.48,0.53,0.64,0.66,0.67,0.83,0.76,0.78
9/17/25,468,say,action_words,0.02,0.03,0.04,0.09,0.08,0.12,0.14,0.22,0.28,0.33,0.4,0.47,0.63,0.58,0.6
9/17/25,469,see,action_words,0.1,0.1,0.14,0.25,0.25,0.3,0.41,0.46,0.54,0.64,0.67,0.73,0.83,0.76,0.76
9/17/25,470,shake,action_words,0.02,0.03,0.06,0.11,0.09,0.15,0.19,0.26,0.3,0.35,0.39,0.46,0.59,0.56,0.56
9/17/25,471,share,action_words,0.01,0.03,0.03,0.07,0.08,0.14,0.2,0.28,0.33,0.41,0.44,0.52,0.68,0.6,0.65
9/17/25,472,show,action_words,0.01,0.02,0.03,0.05,0.06,0.12,0.14,0.22,0.27,0.33,0.37,0.45,0.61,0.55,0.58
9/17/25,473,sing,action_words,0.03,0.05,0.07,0.14,0.14,0.22,0.29,0.39,0.46,0.56,0.6,0.62,0.79,0.7,0.73
9/17/25,474,sit,action_words,0.1,0.14,0.2,0.34,0.31,0.4,0.5,0.58,0.63,0.71,0.71,0.72,0.88,0.79,0.78
9/17/25,475,skate,action_words,0,0.01,0.01,0.03,0.03,0.03,0.05,0.09,0.11,0.13,0.14,0.21,0.39,0.28,0.35
9/17/25,476,sleep,action_words,0.05,0.06,0.13,0.22,0.25,0.31,0.4,0.53,0.59,0.67,0.69,0.78,0.87,0.84,0.81
9/17/25,477,slide (action),action_words,0.05,0.06,0.1,0.15,0.16,0.26,0.26,0.4,0.43,0.52,0.55,0.55,0.76,0.64,0.64
9/17/25,478,smile,action_words,0.01,0.03,0.04,0.09,0.09,0.14,0.18,0.26,0.3,0.39,0.43,0.47,0.64,0.61,0.63
9/17/25,479,spill,action_words,0.01,0.03,0.02,0.06,0.07,0.13,0.16,0.23,0.28,0.36,0.42,0.47,0.66,0.59,0.59
9/17/25,480,splash,action_words,0.04,0.06,0.08,0.14,0.14,0.14,0.24,0.33,0.39,0.43,0.51,0.53,0.71,0.64,0.65
9/17/25,481,stand,action_words,0.01,0.03,0.05,0.08,0.1,0.17,0.19,0.29,0.34,0.39,0.46,0.53,0.68,0.64,0.62
9/17/25,482,stay,action_words,0.01,0.03,0.05,0.08,0.08,0.11,0.16,0.3,0.32,0.39,0.44,0.49,0.68,0.58,0.64
9/17/25,483,stop,action_words,0.09,0.09,0.17,0.23,0.27,0.36,0.43,0.54,0.59,0.69,0.7,0.74,0.88,0.81,0.83
9/17/25,484,sweep,action_words,0.02,0.04,0.05,0.09,0.11,0.14,0.2,0.28,0.32,0.38,0.4,0.46,0.66,0.57,0.55
9/17/25,485,swim,action_words,0.03,0.06,0.09,0.14,0.14,0.22,0.28,0.39,0.44,0.54,0.57,0.57,0.77,0.7,0.74
9/17/25,486,swing (action),action_words,0.09,0.09,0.14,0.23,0.23,0.29,0.32,0.45,0.48,0.58,0.59,0.58,0.82,0.68,0.7
9/17/25,487,take,action_words,0.01,0.02,0.03,0.06,0.08,0.1,0.14,0.24,0.3,0.36,0.4,0.46,0.65,0.62,0.62
9/17/25,488,talk,action_words,0.01,0.03,0.05,0.1,0.1,0.12,0.18,0.27,0.33,0.42,0.45,0.51,0.72,0.66,0.66
9/17/25,489,taste,action_words,0.01,0.02,0.02,0.06,0.06,0.08,0.13,0.19,0.21,0.28,0.32,0.39,0.57,0.48,0.52
9/17/25,490,tear,action_words,0,0.02,0.02,0.03,0.03,0.03,0.07,0.09,0.14,0.17,0.19,0.27,0.41,0.36,0.36
9/17/25,491,think,action_words,0,0.02,0.02,0.02,0.02,0.02,0.07,0.1,0.11,0.16,0.2,0.25,0.4,0.37,0.42
9/17/25,492,throw,action_words,0.03,0.06,0.09,0.14,0.13,0.21,0.23,0.39,0.45,0.54,0.56,0.58,0.8,0.69,0.7
9/17/25,493,tickle,action_words,0.12,0.1,0.18,0.25,0.22,0.24,0.34,0.47,0.5,0.61,0.62,0.62,0.82,0.73,0.72
9/17/25,494,touch,action_words,0.03,0.04,0.05,0.12,0.12,0.14,0.2,0.31,0.34,0.42,0.43,0.53,0.71,0.65,0.68
9/17/25,495,wait,action_words,0.02,0.03,0.06,0.11,0.12,0.14,0.21,0.31,0.35,0.44,0.43,0.55,0.69,0.65,0.69
9/17/25,496,wake,action_words,0,0.02,0.02,0.07,0.05,0.13,0.15,0.23,0.29,0.36,0.43,0.46,0.67,0.59,0.61
9/17/25,497,walk,action_words,0.08,0.11,0.17,0.28,0.27,0.33,0.41,0.53,0.58,0.66,0.66,0.67,0.86,0.76,0.75
9/17/25,498,wash,action_words,0.04,0.06,0.1,0.19,0.21,0.26,0.33,0.44,0.51,0.61,0.61,0.63,0.84,0.7,0.73
9/17/25,499,watch (action),action_words,0.03,0.02,0.05,0.1,0.1,0.17,0.19,0.31,0.35,0.4,0.45,0.52,0.71,0.63,0.65
9/17/25,500,wipe,action_words,0.03,0.06,0.05,0.13,0.11,0.2,0.22,0.33,0.39,0.43,0.47,0.5,0.7,0.65,0.63
9/17/25,501,wish,action_words,0,0.02,0.01,0.02,0.02,0.02,0.02,0.05,0.06,0.09,0.11,0.16,0.24,0.23,0.27
9/17/25,502,work (action),action_words,0.04,0.03,0.06,0.12,0.13,0.17,0.21,0.34,0.38,0.44,0.51,0.51,0.76,0.59,0.64
9/17/25,503,write,action_words,0.01,0.02,0.03,0.08,0.07,0.14,0.16,0.21,0.24,0.36,0.31,0.42,0.6,0.51,0.51
9/17/25,504,all gone,descriptive_words,0.31,0.34,0.42,0.54,0.49,0.63,0.62,0.73,0.76,0.77,0.77,0.8,0.92,0.82,0.78
9/17/25,505,asleep,descriptive_words,0.03,0.04,0.08,0.16,0.16,0.24,0.25,0.4,0.46,0.53,0.56,0.56,0.76,0.67,0.68
9/17/25,506,awake,descriptive_words,0.01,0.03,0.04,0.1,0.08,0.17,0.18,0.33,0.35,0.43,0.47,0.55,0.71,0.65,0.67
9/17/25,507,bad,descriptive_words,0.06,0.09,0.1,0.14,0.16,0.22,0.27,0.34,0.4,0.49,0.52,0.59,0.73,0.65,0.68
9/17/25,508,better,descriptive_words,0.01,0.03,0.04,0.08,0.07,0.11,0.17,0.23,0.27,0.32,0.39,0.47,0.61,0.53,0.58
9/17/25,509,big,descriptive_words,0.08,0.1,0.15,0.22,0.28,0.36,0.42,0.55,0.61,0.68,0.72,0.76,0.88,0.82,0.79
9/17/25,510,black,descriptive_words,0.02,0.04,0.06,0.11,0.12,0.16,0.25,0.34,0.39,0.45,0.48,0.52,0.7,0.67,0.69
9/17/25,511,blue,descriptive_words,0.08,0.12,0.17,0.27,0.28,0.34,0.42,0.57,0.61,0.68,0.68,0.73,0.85,0.81,0.82
9/17/25,512,broken,descriptive_words,0.04,0.04,0.08,0.16,0.18,0.27,0.32,0.48,0.54,0.6,0.66,0.67,0.86,0.77,0.78
9/17/25,513,brown,descriptive_words,0.01,0.03,0.03,0.1,0.09,0.13,0.19,0.29,0.34,0.39,0.43,0.47,0.64,0.6,0.64
9/17/25,514,careful,descriptive_words,0.02,0.03,0.06,0.11,0.11,0.16,0.2,0.3,0.32,0.43,0.43,0.5,0.7,0.61,0.65
9/17/25,515,clean (description),descriptive_words,0.03,0.05,0.11,0.2,0.19,0.28,0.33,0.44,0.51,0.58,0.63,0.62,0.81,0.74,0.77
9/17/25,516,cold,descriptive_words,0.13,0.15,0.25,0.34,0.36,0.45,0.5,0.62,0.68,0.74,0.78,0.75,0.92,0.84,0.83
9/17/25,517,cute,descriptive_words,0.03,0.05,0.07,0.09,0.12,0.17,0.2,0.3,0.31,0.33,0.41,0.43,0.59,0.56,0.57
9/17/25,518,dark,descriptive_words,0.02,0.03,0.06,0.09,0.1,0.14,0.18,0.29,0.38,0.44,0.45,0.5,0.71,0.64,0.62
9/17/25,519,dirty,descriptive_words,0.09,0.1,0.15,0.25,0.29,0.39,0.39,0.52,0.59,0.67,0.69,0.72,0.87,0.8,0.8
9/17/25,520,dry (description),descriptive_words,0.02,0.03,0.05,0.1,0.08,0.13,0.16,0.29,0.32,0.36,0.42,0.47,0.71,0.6,0.6
9/17/25,521,empty,descriptive_words,0.03,0.03,0.07,0.13,0.13,0.19,0.2,0.3,0.36,0.42,0.43,0.51,0.65,0.58,0.61
9/17/25,522,fast,descriptive_words,0.02,0.04,0.05,0.08,0.1,0.16,0.2,0.35,0.4,0.44,0.51,0.56,0.72,0.68,0.69
9/17/25,523,fine,descriptive_words,0.01,0.02,0.02,0.02,0.03,0.04,0.06,0.11,0.14,0.18,0.2,0.28,0.38,0.33,0.37
9/17/25,524,first,descriptive_words,0,0.02,0.02,0.04,0.04,0.05,0.1,0.15,0.17,0.24,0.28,0.37,0.52,0.5,0.51
9/17/25,525,full,descriptive_words,0.01,0.02,0.04,0.07,0.08,0.12,0.14,0.22,0.27,0.31,0.37,0.46,0.64,0.56,0.6
9/17/25,526,gentle,descriptive_words,0.04,0.07,0.1,0.13,0.11,0.16,0.19,0.29,0.32,0.37,0.37,0.42,0.54,0.51,0.54
9/17/25,527,good,descriptive_words,0.08,0.11,0.14,0.19,0.2,0.25,0.3,0.41,0.47,0.55,0.6,0.64,0.81,0.76,0.73
9/17/25,528,green,descriptive_words,0.03,0.08,0.1,0.19,0.17,0.27,0.31,0.47,0.49,0.56,0.57,0.63,0.79,0.76,0.76
9/17/25,529,happy,descriptive_words,0.07,0.1,0.14,0.21,0.25,0.3,0.34,0.46,0.5,0.58,0.59,0.67,0.77,0.74,0.77
9/17/25,530,hard,descriptive_words,0.01,0.02,0.03,0.06,0.05,0.08,0.11,0.2,0.24,0.29,0.32,0.38,0.59,0.56,0.54
9/17/25,531,heavy,descriptive_words,0.02,0.05,0.05,0.12,0.15,0.18,0.26,0.36,0.43,0.49,0.53,0.61,0.78,0.73,0.71
9/17/25,532,high,descriptive_words,0.01,0.03,0.04,0.08,0.07,0.14,0.17,0.27,0.32,0.39,0.41,0.48,0.66,0.61,0.62
9/17/25,533,hot,descriptive_words,0.41,0.33,0.44,0.58,0.54,0.64,0.63,0.71,0.75,0.82,0.82,0.8,0.94,0.88,0.84
9/17/25,534,hungry,descriptive_words,0.04,0.07,0.11,0.17,0.17,0.22,0.29,0.39,0.46,0.52,0.54,0.66,0.8,0.75,0.75
9/17/25,535,hurt,descriptive_words,0.03,0.05,0.08,0.14,0.17,0.19,0.24,0.39,0.44,0.54,0.55,0.59,0.79,0.68,0.7
9/17/25,536,last,descriptive_words,0,0.02,0.02,0.03,0.02,0.03,0.05,0.09,0.09,0.11,0.15,0.19,0.32,0.31,0.34
9/17/25,537,little (description),descriptive_words,0.01,0.04,0.04,0.09,0.1,0.15,0.2,0.32,0.38,0.48,0.51,0.54,0.76,0.68,0.7
9/17/25,538,long,descriptive_words,0,0.02,0.01,0.03,0.02,0.04,0.05,0.11,0.14,0.17,0.21,0.26,0.43,0.42,0.47
9/17/25,539,loud,descriptive_words,0.01,0.03,0.04,0.08,0.08,0.12,0.16,0.31,0.34,0.39,0.49,0.53,0.66,0.63,0.67
9/17/25,540,mad,descriptive_words,0,0.02,0.03,0.04,0.05,0.06,0.11,0.17,0.23,0.28,0.3,0.42,0.56,0.52,0.53
9/17/25,541,naughty,descriptive_words,0.01,0.02,0.04,0.04,0.04,0.04,0.04,0.08,0.14,0.15,0.17,0.19,0.29,0.29,0.26
9/17/25,542,new,descriptive_words,0.01,0.02,0.03,0.05,0.05,0.1,0.09,0.19,0.22,0.27,0.33,0.35,0.55,0.51,0.51
9/17/25,543,nice,descriptive_words,0.07,0.05,0.09,0.17,0.18,0.25,0.26,0.35,0.38,0.44,0.49,0.53,0.71,0.64,0.66
9/17/25,544,noisy,descriptive_words,0.01,0.03,0.03,0.07,0.06,0.09,0.12,0.2,0.23,0.25,0.33,0.38,0.53,0.51,0.5
9/17/25,545,old,descriptive_words,0,0.03,0.02,0.04,0.03,0.06,0.07,0.12,0.16,0.18,0.22,0.29,0.46,0.42,0.43
9/17/25,546,orange (description),descriptive_words,0.03,0.06,0.07,0.19,0.18,0.28,0.32,0.44,0.49,0.57,0.57,0.66,0.79,0.76,0.75
9/17/25,547,poor,descriptive_words,0,0.02,0.01,0.02,0.01,0.02,0.03,0.05,0.06,0.09,0.11,0.12,0.24,0.22,0.22
9/17/25,548,pretty,descriptive_words,0.1,0.1,0.1,0.21,0.19,0.24,0.31,0.35,0.38,0.46,0.48,0.48,0.73,0.61,0.64
9/17/25,549,quiet,descriptive_words,0.01,0.03,0.04,0.06,0.07,0.13,0.16,0.26,0.33,0.36,0.41,0.44,0.65,0.59,0.63
9/17/25,550,red,descriptive_words,0.05,0.09,0.1,0.19,0.2,0.29,0.34,0.49,0.51,0.6,0.63,0.66,0.8,0.77,0.77
9/17/25,551,sad,descriptive_words,0.01,0.03,0.04,0.09,0.09,0.15,0.19,0.32,0.37,0.41,0.45,0.52,0.69,0.64,0.66
9/17/25,552,scared,descriptive_words,0.01,0.02,0.03,0.05,0.06,0.1,0.14,0.26,0.3,0.35,0.42,0.51,0.71,0.61,0.66
9/17/25,553,sick,descriptive_words,0.01,0.03,0.03,0.07,0.07,0.12,0.15,0.23,0.28,0.36,0.39,0.49,0.69,0.59,0.63
9/17/25,554,sleepy,descriptive_words,0.04,0.05,0.09,0.13,0.14,0.18,0.24,0.34,0.38,0.48,0.54,0.54,0.72,0.62,0.64
9/17/25,555,slow,descriptive_words,0,0.02,0.02,0.06,0.04,0.08,0.09,0.15,0.21,0.25,0.28,0.36,0.51,0.53,0.54
9/17/25,556,soft,descriptive_words,0.03,0.05,0.07,0.15,0.12,0.15,0.18,0.31,0.34,0.39,0.43,0.49,0.68,0.61,0.61
9/17/25,557,sticky,descriptive_words,0.02,0.04,0.06,0.11,0.1,0.13,0.19,0.27,0.32,0.4,0.42,0.45,0.66,0.61,0.61
9/17/25,558,stuck,descriptive_words,0.04,0.06,0.08,0.14,0.16,0.2,0.21,0.33,0.37,0.41,0.44,0.53,0.71,0.61,0.6
9/17/25,559,thirsty,descriptive_words,0.03,0.04,0.06,0.11,0.13,0.15,0.2,0.31,0.36,0.4,0.46,0.53,0.71,0.58,0.64
9/17/25,560,tiny,descriptive_words,0,0.02,0.02,0.03,0.04,0.05,0.06,0.14,0.16,0.15,0.21,0.26,0.39,0.39,0.4
9/17/25,561,tired,descriptive_words,0.02,0.03,0.04,0.09,0.1,0.16,0.21,0.32,0.36,0.42,0.49,0.53,0.74,0.66,0.68
9/17/25,562,wet,descriptive_words,0.06,0.1,0.13,0.26,0.27,0.37,0.41,0.54,0.57,0.67,0.73,0.72,0.89,0.79,0.79
9/17/25,563,white,descriptive_words,0.01,0.03,0.04,0.09,0.09,0.14,0.19,0.34,0.34,0.38,0.44,0.5,0.67,0.65,0.64
9/17/25,564,windy,descriptive_words,0.01,0.03,0.04,0.09,0.09,0.11,0.13,0.28,0.3,0.36,0.4,0.45,0.6,0.54,0.58
9/17/25,565,yellow,descriptive_words,0.05,0.08,0.11,0.22,0.23,0.28,0.36,0.46,0.52,0.59,0.59,0.68,0.78,0.75,0.77
9/17/25,566,yucky,descriptive_words,0.18,0.16,0.27,0.35,0.31,0.39,0.41,0.55,0.55,0.66,0.65,0.66,0.82,0.73,0.74
9/17/25,567,after,time_words,0,0.02,0.02,0.02,0.04,0.06,0.08,0.14,0.17,0.21,0.25,0.3,0.44,0.45,0.45
9/17/25,568,before,time_words,0,0.02,0.01,0.01,0.01,0.02,0.05,0.06,0.08,0.1,0.17,0.19,0.27,0.32,0.33
9/17/25,569,day,time_words,0.01,0.04,0.03,0.07,0.06,0.09,0.13,0.22,0.22,0.29,0.33,0.43,0.51,0.51,0.54
9/17/25,570,later,time_words,0.01,0.02,0.03,0.07,0.08,0.11,0.15,0.22,0.25,0.31,0.35,0.42,0.6,0.53,0.53
9/17/25,571,morning,time_words,0.01,0.04,0.07,0.09,0.11,0.15,0.19,0.3,0.29,0.38,0.43,0.52,0.62,0.62,0.65
9/17/25,572,night,time_words,0.07,0.1,0.12,0.21,0.2,0.26,0.35,0.44,0.44,0.55,0.57,0.62,0.74,0.68,0.76
9/17/25,573,now,time_words,0.03,0.04,0.08,0.1,0.13,0.2,0.23,0.33,0.35,0.42,0.53,0.6,0.74,0.65,0.68
9/17/25,574,time,time_words,0,0.02,0.02,0.03,0.04,0.05,0.07,0.11,0.11,0.13,0.19,0.22,0.37,0.33,0.36
9/17/25,575,today,time_words,0,0.03,0.02,0.04,0.04,0.06,0.08,0.15,0.18,0.23,0.27,0.38,0.47,0.47,0.5
9/17/25,576,tomorrow,time_words,0,0.03,0.02,0.05,0.06,0.08,0.08,0.15,0.18,0.23,0.29,0.37,0.47,0.45,0.49
9/17/25,577,tonight,time_words,0,0.02,0.02,0.04,0.03,0.02,0.04,0.11,0.11,0.14,0.17,0.22,0.35,0.34,0.35
9/17/25,578,yesterday,time_words,0,0.02,0.01,0.01,0.02,0.01,0.02,0.06,0.08,0.09,0.11,0.16,0.27,0.26,0.3
9/17/25,579,he,pronouns,0,0.02,0.03,0.04,0.05,0.08,0.13,0.16,0.2,0.25,0.31,0.42,0.56,0.54,0.55
9/17/25,580,her,pronouns,0,0.02,0.02,0.04,0.03,0.05,0.07,0.11,0.14,0.2,0.23,0.3,0.42,0.41,0.44
9/17/25,581,hers,pronouns,0,0.02,0.02,0.02,0.03,0.03,0.05,0.08,0.1,0.13,0.14,0.21,0.32,0.28,0.33
9/17/25,582,him,pronouns,0,0.02,0.02,0.04,0.03,0.04,0.07,0.1,0.12,0.16,0.23,0.28,0.41,0.38,0.42
9/17/25,583,his,pronouns,0,0.02,0.01,0.02,0.03,0.04,0.07,0.1,0.12,0.18,0.19,0.25,0.38,0.36,0.41
9/17/25,584,I,pronouns,0.09,0.09,0.13,0.22,0.19,0.27,0.33,0.4,0.43,0.6,0.59,0.61,0.79,0.71,0.76
9/17/25,585,it,pronouns,0.05,0.05,0.07,0.12,0.11,0.14,0.24,0.27,0.3,0.42,0.4,0.47,0.67,0.58,0.63
9/17/25,586,me,pronouns,0.17,0.19,0.24,0.32,0.34,0.4,0.45,0.55,0.59,0.68,0.67,0.75,0.85,0.81,0.81
9/17/25,587,mine,pronouns,0.2,0.22,0.34,0.42,0.45,0.58,0.65,0.66,0.71,0.8,0.78,0.82,0.9,0.87,0.85
9/17/25,588,my,pronouns,0.08,0.07,0.09,0.19,0.18,0.24,0.31,0.36,0.45,0.55,0.57,0.57,0.78,0.74,0.73
9/17/25,589,myself,pronouns,0,0.02,0.02,0.02,0.02,0.02,0.06,0.11,0.13,0.15,0.2,0.22,0.38,0.33,0.38
9/17/25,590,our,pronouns,0,0.02,0.01,0.02,0.02,0.03,0.04,0.07,0.08,0.1,0.14,0.2,0.3,0.27,0.29
9/17/25,591,she,pronouns,0,0.02,0.03,0.05,0.03,0.07,0.09,0.12,0.17,0.2,0.29,0.35,0.46,0.48,0.5
9/17/25,592,that,pronouns,0.2,0.17,0.16,0.21,0.23,0.25,0.33,0.38,0.43,0.53,0.53,0.58,0.76,0.65,0.68
9/17/25,593,their,pronouns,0,0.02,0.01,0.01,0.02,0.02,0.03,0.05,0.06,0.09,0.11,0.17,0.24,0.25,0.25
9/17/25,594,them,pronouns,0,0.01,0.01,0.03,0.02,0.03,0.05,0.07,0.09,0.13,0.18,0.22,0.33,0.3,0.32
9/17/25,595,these,pronouns,0.01,0.03,0.04,0.05,0.06,0.07,0.11,0.14,0.17,0.26,0.3,0.34,0.47,0.41,0.44
9/17/25,596,they,pronouns,0,0.02,0.01,0.02,0.02,0.02,0.04,0.08,0.09,0.11,0.17,0.22,0.34,0.35,0.38
9/17/25,597,this,pronouns,0.14,0.14,0.16,0.21,0.19,0.23,0.31,0.35,0.41,0.47,0.53,0.53,0.74,0.59,0.65
9/17/25,598,those,pronouns,0.01,0.02,0.02,0.03,0.04,0.04,0.05,0.09,0.13,0.15,0.18,0.24,0.4,0.35,0.37
9/17/25,599,us,pronouns,0,0.01,0.01,0.02,0.01,0.01,0.04,0.07,0.06,0.11,0.12,0.18,0.25,0.26,0.28
9/17/25,600,we,pronouns,0,0.03,0.02,0.03,0.03,0.04,0.08,0.09,0.13,0.18,0.21,0.34,0.41,0.39,0.43
9/17/25,601,you,pronouns,0.08,0.07,0.13,0.19,0.21,0.25,0.36,0.43,0.45,0.57,0.62,0.69,0.82,0.77,0.78
9/17/25,602,your,pronouns,0.01,0.02,0.01,0.03,0.03,0.05,0.07,0.13,0.16,0.22,0.25,0.29,0.49,0.44,0.49
9/17/25,603,yourself,pronouns,0,0.01,0.01,0.01,0.02,0,0.01,0.04,0.04,0.06,0.08,0.11,0.2,0.16,0.2
9/17/25,604,how,question_words,0.01,0.02,0.02,0.03,0.04,0.04,0.07,0.12,0.13,0.16,0.24,0.29,0.41,0.39,0.44
9/17/25,605,what,question_words,0.15,0.13,0.15,0.2,0.2,0.23,0.36,0.43,0.47,0.54,0.57,0.7,0.79,0.73,0.76
9/17/25,606,when,question_words,0,0.02,0.02,0.02,0.02,0.02,0.02,0.06,0.07,0.11,0.17,0.23,0.3,0.29,0.37
9/17/25,607,where,question_words,0.05,0.07,0.09,0.11,0.12,0.17,0.25,0.39,0.41,0.48,0.5,0.61,0.75,0.68,0.69
9/17/25,608,which,question_words,0,0.02,0.02,0.01,0.02,0.02,0.02,0.04,0.06,0.08,0.1,0.12,0.19,0.23,0.25
9/17/25,609,who,question_words,0.03,0.04,0.05,0.05,0.07,0.08,0.11,0.17,0.22,0.26,0.31,0.43,0.55,0.49,0.55
9/17/25,610,why,question_words,0.02,0.06,0.07,0.1,0.1,0.12,0.16,0.25,0.25,0.3,0.39,0.5,0.54,0.59,0.56
9/17/25,611,about,locations,0,0.02,0.01,0.01,0.02,0.02,0.03,0.03,0.06,0.07,0.1,0.12,0.22,0.23,0.26
9/17/25,612,above,locations,0,0.02,0.02,0.02,0.03,0.03,0.04,0.04,0.07,0.1,0.13,0.19,0.24,0.23,0.25
9/17/25,613,around,locations,0,0.03,0.02,0.03,0.05,0.05,0.06,0.11,0.13,0.21,0.22,0.28,0.43,0.37,0.41
9/17/25,614,at,locations,0.01,0.03,0.03,0.05,0.05,0.07,0.11,0.16,0.19,0.23,0.31,0.37,0.51,0.47,0.47
9/17/25,615,away,locations,0.01,0.03,0.05,0.08,0.08,0.1,0.14,0.24,0.29,0.37,0.4,0.47,0.64,0.54,0.57
9/17/25,616,back,locations,0.04,0.06,0.07,0.12,0.11,0.16,0.18,0.31,0.34,0.39,0.42,0.48,0.66,0.58,0.6
9/17/25,617,behind,locations,0,0.02,0.02,0.04,0.04,0.06,0.07,0.13,0.17,0.22,0.28,0.34,0.47,0.46,0.46
9/17/25,618,beside,locations,0,0.01,0.02,0.01,0.02,0.02,0.04,0.07,0.1,0.09,0.13,0.16,0.21,0.23,0.27
9/17/25,619,by,locations,0.01,0.04,0.03,0.04,0.04,0.07,0.08,0.13,0.16,0.22,0.26,0.35,0.47,0.41,0.42
9/17/25,620,down,locations,0.27,0.3,0.35,0.46,0.43,0.52,0.53,0.61,0.67,0.73,0.72,0.76,0.89,0.81,0.8
9/17/25,621,for,locations,0,0.02,0.02,0.03,0.03,0.05,0.07,0.11,0.15,0.21,0.27,0.35,0.5,0.45,0.49
9/17/25,622,here,locations,0.04,0.06,0.08,0.12,0.16,0.2,0.27,0.36,0.41,0.48,0.51,0.59,0.78,0.69,0.68
9/17/25,623,inside/in,locations,0.07,0.07,0.13,0.21,0.19,0.23,0.35,0.44,0.49,0.55,0.6,0.63,0.82,0.7,0.72
9/17/25,624,into,locations,0,0.02,0.01,0.02,0.02,0.02,0.05,0.08,0.08,0.11,0.15,0.18,0.3,0.28,0.31
9/17/25,625,next to,locations,0,0.02,0.02,0.02,0.02,0.02,0.05,0.09,0.1,0.14,0.21,0.24,0.36,0.35,0.34
9/17/25,626,of,locations,0,0.02,0.01,0.04,0.01,0.02,0.02,0.06,0.09,0.1,0.14,0.2,0.29,0.27,0.31
9/17/25,627,off,locations,0.14,0.16,0.24,0.34,0.28,0.41,0.45,0.56,0.6,0.65,0.69,0.72,0.87,0.75,0.74
9/17/25,628,on,locations,0.13,0.15,0.21,0.3,0.27,0.4,0.46,0.54,0.59,0.65,0.69,0.74,0.88,0.76,0.77
9/17/25,629,on top of,locations,0,0.02,0.02,0.03,0.04,0.06,0.09,0.14,0.18,0.23,0.26,0.31,0.47,0.45,0.46
9/17/25,630,out,locations,0.16,0.14,0.23,0.33,0.27,0.34,0.39,0.52,0.53,0.61,0.65,0.66,0.83,0.7,0.7
9/17/25,631,over,locations,0,0.03,0.03,0.05,0.06,0.1,0.11,0.21,0.24,0.28,0.37,0.4,0.64,0.52,0.54
9/17/25,632,there,locations,0.07,0.06,0.08,0.11,0.14,0.21,0.23,0.36,0.39,0.45,0.49,0.58,0.75,0.64,0.67
9/17/25,633,to,locations,0.01,0.03,0.03,0.06,0.05,0.08,0.12,0.19,0.23,0.31,0.36,0.42,0.59,0.52,0.58
9/17/25,634,under,locations,0.01,0.03,0.04,0.07,0.08,0.11,0.14,0.27,0.29,0.39,0.42,0.48,0.66,0.6,0.61
9/17/25,635,up,locations,0.35,0.34,0.41,0.52,0.46,0.55,0.58,0.65,0.69,0.76,0.73,0.73,0.9,0.82,0.8
9/17/25,636,with,locations,0,0.02,0.02,0.04,0.04,0.04,0.11,0.16,0.22,0.25,0.34,0.4,0.58,0.51,0.55
9/17/25,637,a,quantifiers,0.04,0.05,0.07,0.11,0.11,0.15,0.21,0.24,0.29,0.38,0.39,0.47,0.6,0.54,0.61
9/17/25,638,all,quantifiers,0.05,0.05,0.06,0.11,0.11,0.14,0.18,0.29,0.32,0.38,0.42,0.48,0.67,0.59,0.61
9/17/25,639,a lot,quantifiers,0,0.02,0.02,0.05,0.04,0.05,0.09,0.17,0.18,0.24,0.29,0.35,0.48,0.49,0.51
9/17/25,640,an,quantifiers,0,0.02,0.01,0.02,0.02,0.01,0.03,0.03,0.04,0.08,0.1,0.12,0.17,0.18,0.21
9/17/25,641,another,quantifiers,0.01,0.03,0.04,0.06,0.05,0.08,0.1,0.19,0.22,0.27,0.33,0.35,0.53,0.45,0.5
9/17/25,642,any,quantifiers,0,0.02,0.02,0.03,0.02,0.03,0.04,0.08,0.12,0.15,0.21,0.31,0.41,0.36,0.38
9/17/25,643,each,quantifiers,0,0.02,0.01,0.02,0.01,0.01,0.04,0.03,0.05,0.06,0.08,0.14,0.14,0.18,0.19
9/17/25,644,every,quantifiers,0,0.02,0.02,0.02,0.01,0.01,0.03,0.07,0.08,0.11,0.14,0.19,0.25,0.31,0.3
9/17/25,645,more,quantifiers,0.29,0.29,0.38,0.45,0.46,0.51,0.58,0.67,0.69,0.75,0.74,0.78,0.91,0.86,0.85
9/17/25,646,much,quantifiers,0,0.02,0.03,0.03,0.02,0.04,0.06,0.11,0.14,0.15,0.2,0.21,0.35,0.31,0.37
9/17/25,647,none,quantifiers,0.01,0.03,0.04,0.04,0.05,0.07,0.11,0.15,0.14,0.19,0.21,0.26,0.36,0.36,0.41
9/17/25,648,not,quantifiers,0.01,0.03,0.04,0.05,0.05,0.11,0.11,0.17,0.23,0.26,0.34,0.41,0.6,0.51,0.48
9/17/25,649,other,quantifiers,0,0.02,0.02,0.04,0.03,0.07,0.08,0.18,0.17,0.22,0.28,0.32,0.49,0.42,0.41
9/17/25,650,same,quantifiers,0,0.02,0.02,0.02,0.03,0.03,0.06,0.12,0.16,0.15,0.24,0.28,0.33,0.4,0.41
9/17/25,651,some,quantifiers,0.02,0.03,0.06,0.09,0.11,0.13,0.18,0.26,0.3,0.37,0.41,0.47,0.68,0.56,0.59
9/17/25,652,the,quantifiers,0.02,0.03,0.04,0.08,0.07,0.1,0.14,0.19,0.25,0.3,0.37,0.43,0.61,0.51,0.59
9/17/25,653,too,quantifiers,0.01,0.04,0.06,0.1,0.11,0.17,0.21,0.26,0.37,0.4,0.49,0.52,0.7,0.61,0.65
9/17/25,654,am,helping_verbs,0,0.02,0.02,0.04,0.05,0.05,0.09,0.13,0.17,0.23,0.25,0.33,0.48,0.48,0.5
9/17/25,655,are,helping_verbs,0,0.02,0.02,0.02,0.03,0.04,0.07,0.09,0.14,0.17,0.22,0.27,0.44,0.37,0.46
9/17/25,656,be,helping_verbs,0,0.03,0.02,0.04,0.03,0.05,0.06,0.11,0.12,0.17,0.22,0.24,0.38,0.35,0.39
9/17/25,657,can (auxiliary),helping_verbs,0.01,0.02,0.02,0.06,0.05,0.07,0.14,0.2,0.22,0.31,0.32,0.43,0.6,0.56,0.6
9/17/25,658,could,helping_verbs,0,0.02,0.02,0.02,0.02,0.02,0.02,0.04,0.04,0.07,0.12,0.14,0.22,0.22,0.25
9/17/25,659,did/did ya,helping_verbs,0.02,0.03,0.04,0.05,0.06,0.08,0.11,0.2,0.2,0.25,0.31,0.4,0.56,0.47,0.54
9/17/25,660,do,helping_verbs,0.04,0.09,0.1,0.16,0.16,0.25,0.27,0.37,0.43,0.49,0.53,0.6,0.77,0.65,0.67
9/17/25,661,does,helping_verbs,0,0.02,0.02,0.03,0.02,0.02,0.04,0.09,0.09,0.12,0.18,0.21,0.34,0.33,0.34
9/17/25,662,don't,helping_verbs,0.05,0.05,0.08,0.1,0.15,0.14,0.19,0.28,0.33,0.42,0.41,0.5,0.71,0.58,0.65
9/17/25,663,gonna/going to,helping_verbs,0.01,0.03,0.05,0.05,0.06,0.1,0.13,0.22,0.24,0.28,0.38,0.41,0.59,0.53,0.56
9/17/25,664,gotta/got to,helping_verbs,0,0.02,0.03,0.03,0.03,0.04,0.07,0.12,0.12,0.15,0.21,0.23,0.37,0.31,0.37
9/17/25,665,hafta/have to,helping_verbs,0.01,0.02,0.02,0.04,0.03,0.03,0.06,0.13,0.15,0.17,0.25,0.33,0.45,0.44,0.46
9/17/25,666,is,helping_verbs,0.02,0.03,0.04,0.05,0.06,0.07,0.17,0.17,0.2,0.28,0.35,0.4,0.55,0.51,0.59
9/17/25,667,lemme/let me,helping_verbs,0.01,0.03,0.04,0.06,0.08,0.11,0.17,0.24,0.29,0.39,0.42,0.5,0.68,0.6,0.62
9/17/25,668,need/need to,helping_verbs,0.01,0.03,0.05,0.05,0.06,0.09,0.11,0.2,0.23,0.27,0.34,0.4,0.56,0.55,0.56
9/17/25,669,try/try to,helping_verbs,0,0.02,0.04,0.06,0.05,0.1,0.12,0.22,0.26,0.27,0.33,0.39,0.53,0.5,0.55
9/17/25,670,wanna/want to,helping_verbs,0.05,0.07,0.09,0.11,0.14,0.2,0.27,0.37,0.4,0.5,0.54,0.61,0.77,0.7,0.74
9/17/25,671,was,helping_verbs,0,0.02,0.01,0.02,0.01,0.02,0.04,0.07,0.09,0.11,0.16,0.22,0.34,0.32,0.35
9/17/25,672,were,helping_verbs,0,0.02,0.02,0.01,0.01,0.02,0.02,0.04,0.05,0.07,0.1,0.15,0.23,0.22,0.25
9/17/25,673,will,helping_verbs,0,0.02,0.02,0.03,0.02,0.04,0.05,0.07,0.09,0.12,0.18,0.22,0.36,0.35,0.39
9/17/25,674,would,helping_verbs,0,0.02,0.01,0.01,0.01,0.01,0.02,0.03,0.04,0.06,0.08,0.12,0.16,0.16,0.21
9/17/25,675,and,connecting_words,0.01,0.03,0.03,0.05,0.07,0.09,0.13,0.26,0.28,0.34,0.45,0.47,0.64,0.6,0.64
9/17/25,676,because,connecting_words,0,0.02,0.01,0.03,0.03,0.03,0.06,0.1,0.1,0.13,0.21,0.25,0.36,0.35,0.42
9/17/25,677,but,connecting_words,0,0.02,0.02,0.03,0.02,0.03,0.06,0.07,0.07,0.1,0.14,0.19,0.26,0.3,0.33
9/17/25,678,if,connecting_words,0,0.02,0.02,0.02,0.01,0.01,0.03,0.04,0.04,0.07,0.09,0.12,0.18,0.21,0.22
9/17/25,679,so,connecting_words,0,0.03,0.02,0.03,0.03,0.04,0.07,0.08,0.1,0.12,0.15,0.23,0.29,0.29,0.33
9/17/25,680,then,connecting_words,0,0.02,0.01,0.02,0.02,0.02,0.02,0.07,0.07,0.08,0.15,0.19,0.27,0.28,0.3